playerID,yearID,stint,teamID,lgID,G,G_batting,AB,R,H,2B,3B,HR,RBI,SB,CS,BB,SO,IBB,HBP,SH,SF,GIDP,G_old,POS,obp,slg,ops+,salary
abramcj01,2024,1,WAS,NL,138,138,541,79,133,29,6,20,65,31,12,40,128,3,16,1,4,4,0,SS,0.3144758735440932,0.43253234750462105,132.0492427974715,3953445
abreujo02,2024,1,HOU,AL,35,35,113,10,14,2,0,2,7,0,0,4,28,0,2,0,1,4,0,1B,0.16666666666666666,0.19469026548672566,13.154043809727112,11877639
abreuwi02,2024,1,BOS,AL,132,132,399,59,101,33,2,15,58,8,3,40,125,0,3,0,5,7,0,OF,0.3221476510067114,0.45864661654135336,142.13775931175624,20452153
acunalu01,2024,1,NYN,NL,14,14,39,6,12,2,1,3,6,0,1,1,6,0,0,0,0,1,0,SS,0.325,0.6410256410256411,195.01381967592968,20592654
acunaro01,2024,1,ATL,NL,49,49,192,38,48,8,1,4,15,16,3,27,53,0,3,0,0,4,0,OF,0.35135135135135137,0.3645833333333333,125.49794998824319,29688478
adamewi01,2024,1,MIL,NL,161,161,610,93,153,33,0,32,112,21,4,74,173,3,1,0,3,12,0,SS,0.3313953488372093,0.46229508196721314,146.38086313970638,23590394
adamsjo03,2024,1,LAA,AL,11,11,35,4,8,0,0,1,4,2,0,3,12,0,0,0,0,1,0,OF,0.2894736842105263,0.3142857142857143,89.74230006758783,24899864
adamsri03,2024,1,WAS,NL,41,41,116,10,26,5,1,2,8,1,0,10,35,1,2,0,2,4,0,C,0.2923076923076923,0.33620689655172414,96.96117588100574,15552485
adelljo01,2024,1,LAA,AL,130,130,405,54,84,15,2,20,62,15,10,35,126,1,7,0,3,9,0,OF,0.28,0.4024691358024691,111.54737209002063,37982973
adriaeh01,2024,1,LAA,AL,8,8,26,4,5,1,0,1,2,0,0,2,11,0,0,0,0,1,0,3B,0.25,0.34615384615384615,85.12795699673354,4739913
ahmedni01,2024,2,LAN,NL,17,17,48,6,11,0,0,1,2,1,0,1,14,0,0,0,0,0,0,SS,0.24489795918367346,0.2916666666666667,67.85787548987389,38150589
ahmedni01,2024,3,SDN,NL,2,2,7,1,1,0,0,0,0,0,0,0,2,0,0,0,0,0,0,SS,0.14285714285714285,0.14285714285714285,-9.844659927,35791552
ahmedni01,2024,1,SFN,NL,52,52,155,13,36,6,1,1,15,1,1,10,35,0,1,3,3,6,0,SS,0.2781065088757396,0.3032258064516129,82.65603786063285,33553429
albieoz01,2024,1,ATL,NL,99,99,399,52,100,29,1,10,53,8,1,27,65,0,5,0,4,6,0,2B,0.30344827586206896,0.40350877192982454,119.96994522492548,6297902
alcanke01,2024,1,CHN,NL,3,3,10,1,1,0,0,0,0,0,0,0,1,0,0,0,0,0,0,OF,0.1,0.1,-36.89126195,14371587
alexabl01,2024,1,ARI,NL,61,61,166,19,41,7,0,3,21,3,1,15,49,0,3,1,0,1,0,SS,0.32065217391304346,0.3433734939759036,108.82383701358292,18246004
alexacj01,2024,1,KCA,AL,4,4,8,0,1,0,0,0,0,0,0,0,3,0,0,0,0,0,0,3B,0.125,0.125,-21.11407744,2665796
allenni02,2024,1,OAK,AL,41,41,97,6,17,4,0,1,4,0,0,5,20,0,0,3,0,0,0,SS,0.21568627450980393,0.24742268041237114,45.14600656242178,5951807
alonspe01,2024,1,NYN,NL,162,162,608,91,146,31,0,34,88,3,0,70,172,4,13,0,4,14,0,1B,0.3294964028776978,0.4588815789473684,144.7515654276903,9394639
altuvjo01,2024,1,HOU,AL,153,153,628,94,185,31,0,20,65,22,7,47,119,2,7,0,0,15,0,2B,0.35043988269794724,0.4394904458598726,146.49339014399663,20342561
alvarar01,2024,1,OAK,AL,16,16,37,7,9,1,0,0,2,1,0,2,8,0,0,0,0,1,0,3B,0.28205128205128205,0.2702702702702703,74.64726492662577,16638788
alvared01,2024,1,NYN,NL,13,12,9,2,0,0,0,0,0,0,0,1,2,0,1,0,0,0,0,2B,0.18181818181818182,0,-36.98476053,21196617
alvarfr01,2024,1,NYN,NL,100,100,308,39,73,14,2,11,47,1,1,30,86,0,2,0,2,7,0,C,0.30701754385964913,0.4025974025974026,120.94770792898957,31486382
alvarna01,2024,1,ATL,NL,8,8,30,1,3,0,0,0,0,0,0,0,10,0,2,0,0,1,0,2B,0.15625,0.1,-17.39592224,22380391
alvaryo01,2024,1,HOU,AL,147,147,552,88,170,34,2,35,86,6,0,69,95,16,10,0,4,14,0,OF,0.3921259842519685,0.5670289855072463,197.22628734495834,15200946
amadoad01,2024,1,COL,NL,10,10,35,1,6,1,0,0,0,1,0,1,6,0,0,0,0,1,0,2B,0.19444444444444445,0.2,24.292010451623835,39008441
amayaja01,2024,2,CHA,AL,23,23,67,4,12,1,0,0,3,1,0,4,28,0,0,0,0,3,0,SS,0.22535211267605634,0.19402985074626866,33.305579347121615,12665079
amayaja01,2024,1,HOU,AL,1,1,1,0,0,0,0,0,0,0,0,0,0,0,0,0,0,0,0,SS,0,0,-100,14613470
amayami01,2024,1,CHN,NL,117,117,328,32,76,13,2,8,47,0,0,23,62,0,4,5,3,5,0,C,0.2877094972067039,0.3567073170731707,101.19995856163851,2436204
anderbr06,2024,1,ATL,NL,3,3,5,0,0,0,0,0,0,0,0,0,2,0,0,0,0,1,0,OF,0,0,-100,12843613
anderti01,2024,1,MIA,NL,65,65,234,16,50,3,0,0,9,4,4,7,68,0,0,0,0,6,0,SS,0.23651452282157676,0.2264957264957265,46.410947403975534,6654049
andujmi01,2024,1,OAK,AL,75,75,302,31,86,14,1,4,30,3,2,13,42,0,3,0,1,10,0,OF,0.31974921630094044,0.37748344370860926,118.2152887654365,2319478
arandjo01,2024,1,TBA,AL,44,44,128,22,30,7,0,6,14,0,0,12,32,0,2,0,1,2,0,1B,0.3076923076923077,0.4296875,128.8887993987048,16744086
arciaor01,2024,1,ATL,NL,157,157,551,50,120,24,0,17,46,2,0,41,128,1,2,1,7,16,0,SS,0.27121464226289516,0.35390199637023595,94.68498503661715,20640708
arenano01,2024,1,SLN,NL,152,152,578,70,157,23,0,16,71,2,2,44,92,2,5,0,7,15,0,3B,0.3249211356466877,0.3944636678200692,124.83872658158246,24513085
ariasga01,2024,1,CLE,AL,53,53,153,15,34,9,1,3,15,5,2,6,53,0,1,0,1,4,0,3B,0.2546583850931677,0.35294117647058826,88.67349754506309,39953667
arozara01,2024,2,SEA,AL,54,54,199,32,46,14,0,5,23,4,3,28,68,0,11,0,1,4,0,OF,0.35564853556485354,0.3768844221105528,130.4869880869216,30668482
arozara01,2024,1,TBA,AL,100,100,350,45,74,19,0,15,37,16,7,45,101,0,11,0,3,3,0,OF,0.31784841075794623,0.3942857142857143,122.33680617790421,8758032
arraelu01,2024,1,MIA,NL,33,33,137,22,41,8,1,0,5,0,0,8,11,0,2,1,0,5,0,1B,0.3469387755102041,0.3722627737226277,126.15345076608469,15823082
arraelu01,2024,2,SDN,NL,117,117,500,61,159,24,2,4,41,9,3,16,18,3,6,1,1,13,0,1B,0.34608030592734224,0.398,133.17825169018784,6982865
azocajo01,2024,1,SDN,NL,61,61,73,13,16,2,0,0,2,5,1,5,19,0,0,1,0,1,0,OF,0.2692307692307692,0.2465753424657534,63.46259126065974,38619413
baddoak01,2024,1,DET,AL,31,31,73,7,10,2,2,2,5,1,0,8,27,0,0,0,1,0,0,OF,0.21951219512195122,0.3013698630136986,61.82017441960524,29480769
baderha01,2024,1,NYN,NL,143,143,402,57,95,19,0,12,51,17,8,21,95,1,8,0,6,6,0,OF,0.2837528604118993,0.373134328,104.50219552579463,1601182
baeji01,2024,1,PIT,NL,29,29,74,11,14,2,0,0,6,6,2,6,24,0,0,0,1,0,0,OF,0.24691358024691357,0.21621621621621623,47.090535115443984,3567756
baezja01,2024,1,DET,AL,80,80,272,25,50,12,0,6,37,8,1,12,69,1,2,0,3,10,0,SS,0.22145328719723184,0.29411764705882354,60.42964423834349,20304766
bailepa01,2024,1,SFN,NL,121,121,401,46,94,16,1,8,46,4,0,39,100,0,0,1,7,10,0,C,0.2975391498881432,0.33915211970074816,99.6122409,11017255
bakerda02,2024,1,WAS,NL,9,9,14,1,7,2,0,0,0,0,0,0,3,0,0,0,0,0,0,2B,0.5,0.6428571428571429,256.18705646072743,21974752
bakerlu01,2024,1,SLN,NL,21,21,40,3,7,1,1,2,10,1,0,7,11,0,0,0,2,1,0,1B,0.2857142857142857,0.4,112.82537311028821,27137683
baldwbr01,2024,1,CHA,AL,33,33,114,9,24,6,0,2,8,4,0,6,31,0,0,1,0,1,0,2B,0.25,0.3157894736842105,76.48918482750742,16980953
banueda01,2024,1,BAL,AL,1,1,1,0,0,0,0,0,0,0,0,0,0,0,0,0,0,0,0,DH,0,0,-100,10526948
bargead01,2024,1,TOR,AL,69,69,208,20,41,11,0,7,28,2,0,14,60,0,1,0,1,1,0,OF,0.25,0.35096153846153844,86.49576259019436,34369031
barneau01,2024,1,LAN,NL,54,54,140,12,37,3,0,1,11,3,0,14,36,0,0,2,0,3,0,C,0.33116883116883117,0.30714285714285716,102.1609949434164,9839901
barnhtu01,2024,1,ARI,NL,31,31,81,13,14,3,0,0,6,1,0,13,31,0,0,2,0,0,0,C,0.2872340425531915,0.20987654320987653,59.261295286242756,38012258
barrojo01,2024,1,ARI,NL,8,8,17,3,3,2,0,0,1,1,0,0,2,0,0,1,0,0,0,OF,0.17647058823529413,0.29411764705882354,44.83936872999439,10060388
bartjo01,2024,1,PIT,NL,80,80,253,38,67,11,0,13,45,0,0,22,73,0,6,0,1,8,0,C,0.33687943262411346,0.4624505928853755,148.32580124207553,23623760
battema01,2024,1,SDN,NL,1,1,3,0,1,0,1,0,0,0,0,0,0,0,0,0,0,0,0,1B,0.3333333333333333,1,300.0315024632551,1010306
batybr01,2024,1,NYN,NL,50,50,153,15,35,3,0,4,16,0,0,16,42,1,1,1,0,3,0,3B,0.3058823529411765,0.32679738562091504,98.98889418875018,39935152
bauerja01,2024,1,MIL,NL,117,116,302,45,60,9,2,12,43,13,1,39,118,1,5,0,0,0,0,1B,0.30057803468208094,0.3609271523178808,106.86054356421496,15592930
beckjo01,2024,1,COL,NL,55,55,170,14,32,6,0,3,13,7,1,12,65,1,1,0,1,3,0,OF,0.24456521739130435,0.27647058823529413,63.41921410533895,15272414
bellico01,2024,1,CHN,NL,130,130,516,72,137,23,3,18,78,9,2,45,89,7,3,0,5,10,0,OF,0.3251318101933216,0.4263565891472868,133.9853927362145,37680493
belljo02,2024,2,ARI,NL,41,41,140,24,39,5,1,5,22,0,1,17,32,0,1,0,0,9,0,1B,0.36075949367088606,0.4357142857142857,148.99566928813854,37621626
belljo02,2024,1,MIA,NL,104,104,398,38,95,18,1,14,49,0,0,34,88,1,5,0,3,13,0,1B,0.30454545454545456,0.3944723618090452,117.77931872095566,30958499
beninan01,2024,1,CHA,AL,135,135,477,50,109,20,0,20,64,3,2,41,96,1,1,0,3,12,0,OF,0.289272031,0.39622641509433965,112.98483157813193,28020454
bensowi01,2024,1,CIN,NL,128,128,343,41,64,19,2,14,43,16,7,40,154,0,2,1,2,3,0,OF,0.2739018087855297,0.3760932944606414,101.92981685121137,11468486
berrost01,2024,1,TOR,AL,28,28,37,7,7,1,0,0,1,6,2,8,14,0,0,0,0,0,0,OF,0.3333333333333333,0.21621621621621623,77.04222301040144,7562542
bertijo01,2024,1,NYA,AL,25,25,66,10,18,0,0,1,6,5,1,6,14,0,1,1,0,2,0,3B,0.3424657534246575,0.3181818181818182,109.21694913224425,30020920
bethach01,2024,2,CHN,NL,24,24,57,9,16,4,0,3,15,3,0,2,14,0,0,0,0,1,0,C,0.3050847457627119,0.5087719298245614,150.48486272959477,3505551
bethach01,2024,1,MIA,NL,38,38,82,9,13,3,0,2,7,0,0,3,22,0,1,2,0,1,0,C,0.19767441860465115,0.2682926829268293,44.84097887465701,33062177
bettsmo01,2024,1,LAN,NL,116,116,450,75,130,24,5,19,75,16,2,61,57,2,1,0,4,10,0,SS,0.37209302325581395,0.4911111111111111,168.6842815,22048774
bichebo01,2024,1,TOR,AL,81,81,311,29,70,16,1,4,31,5,1,20,64,1,3,0,2,12,0,SS,0.2767857142857143,0.3215434083601286,87.40969484670144,2930886
biggica01,2024,3,ATL,NL,4,4,5,1,1,0,0,0,0,0,0,0,2,0,0,0,0,0,0,2B,0.2,0.2,26.21747610201397,30965232
biggica01,2024,2,LAN,NL,30,30,73,11,14,1,0,3,10,0,0,10,28,0,2,2,0,0,0,2B,0.3058823529411765,0.3287671232876712,99.54929157398402,4208776
biggica01,2024,1,TOR,AL,44,44,110,15,22,4,0,2,9,2,0,14,42,0,6,0,0,1,0,2B,0.3230769230769231,0.2909090909090909,94.73790620798547,14689712
blackch02,2024,1,COL,NL,124,124,449,59,115,24,5,12,52,6,2,43,86,2,6,0,1,4,0,OF,0.3286573146292585,0.41202672605790647,131.1303784081857,24770610
blackty01,2024,1,MIL,NL,18,18,49,4,10,2,0,0,2,3,0,7,17,0,1,0,0,0,0,1B,0.3157894736842105,0.24489795918367346,79.12186324697159,19108503
blancda02,2024,1,KCA,AL,88,88,120,37,31,4,0,4,13,31,7,8,32,0,1,1,1,2,0,OF,0.3076923076923077,0.39166666666666666,118.07173683041894,14402870
blanktr01,2024,1,WAS,NL,13,13,31,2,4,1,0,0,5,0,0,1,9,0,0,0,0,0,0,OF,0.15625,0.16129032258064516,0.041392939778273075,19169644
bledajj01,2024,1,OAK,AL,159,159,572,74,139,43,4,20,60,2,3,67,125,2,2,1,0,8,0,OF,0.3244929797191888,0.4370629370629371,136.80997856545804,6531309
blissry01,2024,1,SEA,AL,33,33,63,10,14,3,1,2,9,5,3,5,22,0,1,2,0,1,0,2B,0.2898550724637681,0.3968253968253968,113.35731687191557,1779410
bogaexa01,2024,1,SDN,NL,111,111,428,50,113,15,1,11,44,13,3,28,79,0,1,0,6,13,0,2B,0.30669546436285094,0.3808411214953271,114.64634088684971,27122190
bohmal01,2024,1,PHI,NL,143,143,554,62,155,44,2,15,97,5,2,40,86,2,6,0,6,18,0,3B,0.3316831683168317,0.44765342960288806,142.31501444128313,6049830
boteda01,2024,1,CHN,NL,37,37,46,4,14,4,0,0,6,0,0,2,13,0,0,0,0,1,0,3B,0.3333333333333333,0.391304348,126.85542036943471,1845471
bouchse01,2024,1,COL,NL,31,31,91,14,17,7,0,1,8,4,0,12,33,0,2,1,2,0,0,OF,0.2897196261682243,0.2967032967032967,84.82527911397928,39372486
brantro01,2024,1,TBA,AL,3,3,9,0,1,0,0,0,0,0,0,0,2,0,0,0,0,0,0,C,0.1111111111111111,0.1111111111111111,-29.87917994,26676577
bregmal01,2024,1,HOU,AL,145,145,581,79,151,30,2,26,75,3,1,44,86,1,5,0,4,13,0,3B,0.31545741324921134,0.45266781411359724,138.1180405768551,26940831
brennwi02,2024,1,CLE,AL,114,114,330,37,87,13,2,8,30,4,2,19,48,2,3,0,1,9,0,OF,0.3087818696883853,0.3878787878787879,117.37169637292446,39686866
bridejo01,2024,1,MIA,NL,71,71,232,30,64,10,0,11,39,0,1,30,55,1,3,0,7,9,0,1B,0.35661764705882354,0.46120689655172414,154.81291090424705,18713799
brooktr01,2024,1,SFN,NL,12,12,25,3,3,0,0,0,1,1,0,4,6,0,0,0,0,1,0,1B,0.2413793103448276,0.12,17.798590353869812,19683372
brownse01,2024,1,OAK,AL,124,124,372,32,86,11,1,14,44,4,2,25,112,0,2,0,1,7,0,OF,0.2825,0.3790322580645161,105.7459564003445,16716394
brujavi01,2024,1,MIA,NL,102,102,248,32,55,14,2,2,16,5,6,25,54,3,4,1,0,5,0,2B,0.30324909747292417,0.3185483870967742,95.72938098231414,19903860
bryankr01,2024,1,COL,NL,37,37,133,9,29,5,0,2,15,0,0,13,48,0,8,0,1,6,0,OF,0.3225806451612903,0.3007518796992481,97.36621279864335,35345561
burgeja01,2024,1,MIA,NL,137,137,535,68,134,23,1,29,76,1,1,31,150,2,9,0,4,11,0,1B,0.3005181347150259,0.45981308411214955,134.97318317452988,14438456
burleal01,2024,1,SLN,NL,152,152,547,71,147,20,0,21,78,9,4,35,76,0,4,1,6,8,0,OF,0.3141891891891892,0.42047531992687387,128.51961532909291,13831780
buschmi02,2024,1,CHN,NL,152,152,496,73,123,28,2,21,65,2,1,63,162,1,4,0,4,9,0,1B,0.3350970017636684,0.43951612903225806,141.18310285900444,5305491
butlela01,2024,1,OAK,AL,125,125,412,63,108,24,2,22,57,18,0,35,108,0,0,0,4,8,0,OF,0.3170731707317073,0.49029126213592233,149.38204100384374,12999681
buxtoby01,2024,1,MIN,AL,102,102,355,62,99,27,3,18,56,7,2,20,99,1,11,0,2,3,0,OF,0.33505154639175255,0.523943662,165.1872827364431,10512290
cabaljo01,2024,1,TBA,AL,139,139,441,53,100,24,1,9,44,44,16,27,133,1,9,3,3,6,0,SS,0.2833333333333333,0.3469387755102041,96.90406609800668,7603813
cabbatr01,2024,1,HOU,AL,45,45,86,12,18,8,0,1,8,1,1,4,34,0,1,0,0,1,0,OF,0.25274725274725274,0.3372093023255814,83.53535574784785,24001649
cabreos01,2024,1,NYA,AL,109,108,299,47,74,11,0,8,36,4,2,21,63,0,1,2,3,6,0,3B,0.2962962962962963,0.36454849498327757,106.40684722351578,39965270
calhowi01,2024,1,LAA,AL,68,68,229,26,56,16,0,5,20,0,1,23,31,1,1,0,1,5,0,1B,0.31496062992125984,0.3799126637554585,117.24676397930445,13170621
callal01,2024,1,WAS,NL,30,30,99,15,34,9,0,3,14,5,1,12,19,0,2,0,0,2,0,OF,0.4247787610619469,0.5252525252525253,196.65765955933142,18129961
camarja01,2024,1,MIN,AL,5,5,6,1,0,0,0,0,0,0,0,1,3,0,0,0,0,0,0,C,0.14285714285714285,0,-50.48802613,21716504
camerda01,2024,1,OAK,AL,66,66,170,22,34,5,1,5,15,5,0,13,51,0,1,0,2,3,0,OF,0.25806451612903225,0.32941176470588235,83.15980594821207,14194712
caminju01,2024,1,TBA,AL,43,43,165,15,41,9,1,6,18,2,0,11,38,2,1,0,0,2,0,3B,0.2994350282485876,0.42424242424242425,124.4778165142546,25855539
campegu01,2024,1,LAA,AL,13,13,46,6,11,0,1,1,6,3,0,0,8,0,2,0,0,0,0,OF,0.2708333333333333,0.34782608695652173,92.82421165298724,4397175
campulu01,2024,1,SDN,NL,91,91,277,37,63,13,0,8,40,0,0,20,41,0,1,0,1,11,0,C,0.2809364548494983,0.36101083032490977,100.07689654373029,26673059
canaral01,2024,1,CHN,NL,15,15,25,4,7,1,0,1,2,1,0,2,11,0,1,0,0,0,0,OF,0.35714285714285715,0.44,148.9615025814694,28369323
candeje01,2024,1,CIN,NL,112,112,427,47,96,23,2,20,56,4,3,27,114,1,6,0,3,7,0,3B,0.2786177105831533,0.42857142857142855,118.49448825435327,6284828
canhama01,2024,1,DET,AL,93,93,320,42,74,17,0,7,38,4,0,42,79,2,11,0,4,9,0,1B,0.33687002652519893,0.35,116.32994685359708,25461706
canhama01,2024,2,SFN,NL,32,32,73,4,21,3,0,0,4,3,0,9,17,0,2,0,1,1,0,1B,0.3764705882352941,0.3287671232876712,124.01403160247027,2108897
canzodo01,2024,1,SEA,AL,67,67,168,20,33,7,0,8,17,1,0,18,53,2,0,0,2,5,0,OF,0.2712765957446808,0.38095238095238093,102.40238791685377,30708124
capelco01,2024,1,CIN,NL,5,5,8,1,2,0,0,0,0,1,0,0,2,0,0,0,0,0,0,OF,0.25,0.25,57.77184512751745,36808417
capravi01,2024,1,MIL,NL,3,3,9,1,1,1,0,0,0,0,0,0,3,0,0,0,0,1,0,3B,0.1111111111111111,0.2222222222222222,1.7323271055463607,1250772
caratvi01,2024,1,HOU,AL,87,87,245,30,66,8,1,8,30,0,1,23,53,1,3,0,3,6,0,C,0.3357664233576642,0.40816326530612246,132.49511209615125,38516031
carlsdy01,2024,1,SLN,NL,59,59,121,12,24,5,0,0,11,0,1,12,37,0,2,0,3,2,0,OF,0.2753623188405797,0.2396694214876033,63.622928001865574,29600380
carlsdy01,2024,2,TBA,AL,37,37,114,7,25,2,0,3,14,2,0,10,38,0,3,0,0,0,0,OF,0.2992125984251969,0.3157894736842105,93.54547503765613,12840315
carpeke01,2024,1,DET,AL,87,87,264,37,75,16,5,18,57,0,2,22,75,1,4,0,3,5,0,OF,0.3447098976109215,0.5871212121212122,186.50894911548613,26311067
carpema01,2024,1,SLN,NL,59,59,137,15,32,7,0,4,15,0,2,15,51,0,2,0,2,0,0,1B,0.3141025641025641,0.3722627737226277,114.77295127830006,31968436
carroco02,2024,1,ARI,NL,158,158,589,121,136,22,14,22,74,35,8,73,130,0,10,3,9,3,0,OF,0.32158590308370044,0.42784380305602715,133.17955637181953,17536746
carteev01,2024,1,TEX,AL,45,45,144,23,27,6,2,5,15,2,0,15,43,0,2,0,1,1,0,OF,0.2716049382716049,0.3611111111111111,96.87127415012877,20619464
casalcu01,2024,1,SFN,NL,41,41,108,12,21,3,0,1,8,0,0,13,22,0,2,2,0,3,0,C,0.2926829268292683,0.25,72.56505683173422,34824643
casastr01,2024,1,BOS,AL,63,63,212,28,51,8,0,13,32,0,1,30,77,4,1,0,0,6,0,1B,0.3374485596707819,0.46226415094339623,148.47000806944007,39020125
casteni01,2024,1,PHI,NL,162,162,606,80,154,30,4,23,86,6,2,41,139,2,10,0,2,14,0,OF,0.3110773899848255,0.4306930693069307,130.34810219184996,31675480
castidi02,2024,1,MIN,AL,4,4,6,3,2,1,0,0,2,0,0,2,1,0,0,0,0,0,0,3B,0.5,0.5,215.5436902550349,9645259
castrwi01,2024,1,MIN,AL,158,158,558,89,138,31,5,12,60,14,9,51,150,0,21,1,4,8,0,OF,0.3312302839116719,0.38530465949820786,124.4196047645779,29940372
caveja01,2024,1,COL,NL,123,123,323,42,81,16,5,7,37,5,2,18,98,1,1,1,3,6,0,OF,0.2898550724637681,0.39628482972136225,113.2035236045394,6131709
chapaan01,2024,1,WAS,NL,33,33,121,12,26,12,0,4,15,1,1,7,24,0,4,0,0,3,0,1B,0.2803030303030303,0.4132231404958678,114.71195014565359,33569435
chapmma01,2024,1,SFN,NL,154,154,575,98,142,39,2,27,78,15,2,64,158,3,6,0,2,13,0,3B,0.3276661514683153,0.46260869565217394,145.17760789190172,25962747
chishja01,2024,1,MIA,NL,101,101,386,46,96,14,4,13,50,22,8,39,107,5,4,0,1,4,0,OF,0.32325581395348835,0.4067357512953368,127.75300451204848,1839208
chishja01,2024,2,NYA,AL,46,46,176,28,48,7,0,11,23,18,2,14,45,0,0,0,1,2,0,OF,0.32460732984293195,0.5,154.7554291458598,22901636
chourja01,2024,1,MIL,NL,148,148,528,80,145,29,4,21,79,22,7,39,121,4,3,1,2,7,0,OF,0.3269230769230769,0.4640151515151515,145.32021198448328,7434184
clasejo01,2024,1,SEA,AL,19,19,41,4,8,1,0,0,3,3,0,2,14,0,0,0,0,1,0,OF,0.23255813953488372,0.21951219512195122,43.05288942144758,32081088
clasejo01,2024,2,TOR,AL,7,7,20,3,7,1,0,1,2,0,1,1,3,0,2,0,0,0,0,OF,0.43478260869565216,0.55,207.16557600940408,11673464
clemeer01,2024,1,TOR,AL,139,139,434,48,114,21,3,12,51,12,3,11,41,1,3,2,2,11,0,3B,0.28444444444444444,0.4078341013824885,114.61409643558036,30393519
clemeko01,2024,1,PHI,NL,44,43,114,17,25,9,1,5,18,0,0,5,29,0,1,0,0,2,0,1B,0.25833333333333336,0.4473684210526316,116.81206270307256,37282333
colasos01,2024,1,CHA,AL,13,13,33,1,9,0,0,0,4,0,1,4,10,0,1,0,0,0,0,OF,0.3684210526315789,0.2727272727272727,105.28065564822207,31691979
colliis01,2024,1,MIL,NL,11,11,17,0,2,0,0,0,0,1,0,2,10,0,0,0,0,0,0,OF,0.21052631578947367,0.11764705882352941,6.436021583558249,34904135
confomi01,2024,1,SFN,NL,130,130,438,56,104,27,3,20,66,0,1,42,118,1,5,0,3,16,0,OF,0.3094262295081967,0.4497716894977169,135.20377212105856,30417337
coningr01,2024,1,MIA,NL,30,30,82,14,22,4,1,3,12,0,0,6,28,0,1,0,0,1,0,OF,0.3258426966292135,0.45121951219512196,141.30536467530922,11379931
contrwi01,2024,1,SLN,NL,84,84,301,48,79,17,0,15,36,4,1,45,96,2,12,0,0,7,0,C,0.37988826815642457,0.4684385382059801,164.9355594100043,7676726
contrwi02,2024,1,MIL,NL,155,155,595,99,167,37,2,23,92,9,2,78,139,5,3,0,3,19,0,C,0.36524300441826213,0.46554621848739497,159.03687273508703,900095
cookbi01,2024,1,PIT,NL,16,16,49,5,11,2,0,3,8,1,0,0,19,0,0,0,0,0,0,OF,0.22448979591836735,0.4489795918367347,105.54082415202228,19597181
coopega03,2024,2,BOS,AL,24,24,70,3,12,4,0,0,5,0,0,3,22,0,2,0,0,2,0,1B,0.22666666666666666,0.22857142857142856,43.58838446502502,20223486
coopega03,2024,1,CHN,NL,12,12,37,3,10,1,1,1,6,0,0,4,13,0,0,0,0,1,0,1B,0.34146341463414637,0.43243243243243246,141.3742616077226,27664152
correca01,2024,1,MIN,AL,86,86,319,55,99,20,2,14,54,0,0,40,61,4,3,0,4,5,0,SS,0.3879781420765027,0.5172413793103449,181.62396099302228,8295535
cowseco01,2024,1,BAL,AL,153,153,499,77,121,24,3,24,69,9,4,52,172,2,7,0,3,9,0,OF,0.32085561497326204,0.4468937875751503,138.34623881010722,9696594
crawfbr01,2024,1,SLN,NL,29,28,71,5,12,5,0,1,4,0,0,8,26,0,1,0,0,0,0,SS,0.2625,0.28169014084507044,71.12010083722842,7743639
crawfjp01,2024,1,SEA,AL,105,105,392,55,79,16,2,9,37,5,0,52,102,0,6,0,1,4,0,SS,0.30376940133037694,0.32142857142857145,96.72913258502645,28487689
crewsdy01,2024,1,WAS,NL,31,31,119,12,26,5,1,3,8,12,3,11,26,0,1,0,1,4,0,OF,0.2878787878787879,0.35294117647058826,100.18715154711356,26352842
croneja01,2024,1,SDN,NL,155,155,577,72,139,29,3,17,83,5,2,61,118,0,11,1,3,19,0,1B,0.3236196319018405,0.389948007,123.1029248319369,15463236
crowape01,2024,1,CHN,NL,123,123,372,46,88,13,6,10,47,27,3,21,98,2,6,8,3,4,0,OF,0.2860696517412935,0.3844086021505376,108.51272897720526,17733431
cruzon01,2024,1,PIT,NL,146,146,541,72,140,34,3,21,76,22,1,51,181,5,3,0,4,8,0,SS,0.32387312186978295,0.4491682070240296,140.03913830630222,7733663
dahlda01,2024,1,PHI,NL,19,19,58,6,12,2,0,3,8,0,0,3,21,0,0,0,1,0,0,OF,0.24193548387096775,0.39655172413793105,96.67130209018796,26238640
dalbebo01,2024,1,BOS,AL,37,37,83,6,11,2,0,1,8,3,0,8,43,0,1,1,0,1,0,1B,0.21739130434782608,0.1927710843373494,30.18836848088324,10733006
darnatr01,2024,1,ATL,NL,99,99,307,40,73,16,0,15,48,1,0,24,89,0,6,0,4,8,0,C,0.3020527859237537,0.4364820846905538,128.86731597426513,17019193
davishe01,2024,1,PIT,NL,37,37,104,9,15,4,0,1,5,0,0,13,45,0,1,1,2,1,0,C,0.24166666666666667,0.21153846153846154,43.941201904245816,35974484
davisjd01,2024,2,NYA,AL,7,7,19,1,2,1,0,0,1,0,0,3,9,0,0,0,0,2,0,1B,0.22727272727272727,0.15789473684210525,23.69066461411733,1801613
davisjd01,2024,1,OAK,AL,39,39,123,12,29,4,0,4,5,0,0,9,30,0,3,0,0,3,0,1B,0.3037037037037037,0.36585365853658536,109.34545843915716,12226827
dejonpa01,2024,1,CHA,AL,102,102,337,39,77,14,0,18,41,2,1,14,112,0,9,0,3,8,0,SS,0.27548209366391185,0.43026706231454004,117.89014801581664,13005590
dejonpa01,2024,2,KCA,AL,37,37,108,15,24,3,0,6,15,0,1,9,44,0,0,0,2,1,0,SS,0.2773109243697479,0.4166666666666667,114.65463011660874,21233114
delacbr01,2024,1,MIA,NL,105,105,424,44,104,19,0,18,51,3,1,25,118,1,2,0,2,8,0,OF,0.2891832229580574,0.41745283018867924,118.99304300220149,28293582
delacbr01,2024,2,PIT,NL,44,44,160,17,32,6,0,3,17,2,1,4,52,0,1,0,3,2,0,OF,0.22023809523809523,0.29375,59.90388147234942,33952608
delacel01,2024,1,CIN,NL,160,160,618,105,160,36,10,25,76,67,16,69,218,2,6,2,1,12,0,SS,0.33861671469740634,0.470873786,151.3243436670289,35324356
delayja01,2024,1,PIT,NL,7,7,15,1,3,3,0,0,6,0,0,3,0,0,0,1,0,0,0,C,0.3333333333333333,0.4,129.32936439934642,29931602
delcaad01,2024,1,ARI,NL,25,25,80,12,25,5,0,4,19,1,1,7,28,0,0,0,0,1,0,C,0.367816092,0.525,176.84347593519712,7019501
deloaza01,2024,1,CHA,AL,22,22,67,10,14,5,0,1,5,0,1,8,21,0,0,0,0,0,0,OF,0.29333333333333333,0.3283582089552239,95.08366687308578,3411920
deloslu03,2024,1,TOR,AL,13,13,29,2,5,2,0,0,1,0,0,2,10,0,0,0,0,2,0,3B,0.22580645161290322,0.2413793103448276,46.93413585283874,13261426
delucjo01,2024,1,TBA,AL,107,107,332,29,72,12,4,6,31,16,6,24,77,1,4,2,0,1,0,OF,0.2777777777777778,0.3313253012048193,90.53651137005807,17314301
deverjo01,2024,1,MIA,NL,3,3,4,1,1,0,0,0,0,0,0,0,1,0,0,0,0,0,0,1B,0.25,0.25,57.77184512751745,39461005
deverra01,2024,1,BOS,AL,138,138,525,87,143,34,5,28,83,3,0,67,147,14,3,0,6,13,0,3B,0.3544093178036606,0.5161904761904762,169.69056405954842,31293904
dezenza01,2024,1,HOU,AL,19,19,62,5,15,2,0,2,8,0,0,3,22,0,0,0,0,3,0,1B,0.27692307692307694,0.3709677419354839,101.5187015367097,23698270
diazal02,2024,2,HOU,AL,2,2,4,0,0,0,0,0,0,0,0,0,2,0,0,0,0,0,0,SS,0,0,-100,34850031
diazal02,2024,1,OAK,AL,12,12,29,2,3,0,0,0,1,0,0,1,7,0,0,0,0,0,0,SS,0.13333333333333333,0.10344827586206896,-24.35742128,16280150
diazel01,2024,1,COL,NL,84,84,304,26,82,18,0,5,36,0,0,17,64,2,4,0,2,13,0,C,0.3149847094801223,0.3782894736842105,116.79330620531813,11640013
diazel01,2024,2,SDN,NL,12,12,21,1,4,2,0,1,3,0,0,3,5,0,0,0,0,2,0,C,0.2916666666666667,0.42857142857142855,123.01704526255901,35537258
diazya01,2024,1,TBA,AL,145,145,563,55,158,31,1,14,65,0,0,50,95,0,4,0,4,12,0,1B,0.3413848631239936,0.413854352,136.06150675165912,24527135
diazya02,2024,1,HOU,AL,148,148,585,70,175,29,3,16,84,2,0,24,107,1,2,0,8,22,0,C,0.3247172859450727,0.441025641,138.0151229,33722115
dingldi01,2024,1,DET,AL,27,27,84,2,14,5,2,1,11,0,0,3,30,0,0,0,0,2,0,C,0.19540229885057472,0.30952380952380953,55.783901378928924,21564765
dominja01,2024,1,NYA,AL,18,18,56,8,10,1,0,2,4,5,0,11,19,0,0,0,0,0,0,OF,0.31343283582089554,0.30357142857142855,94.99790182104681,19239483
donovbr01,2024,1,SLN,NL,153,153,587,65,163,34,3,14,73,5,5,47,81,0,13,0,5,4,0,OF,0.34202453987730064,0.41737649063032367,137.28526944270652,14649689
doylebr02,2024,1,COL,NL,149,149,542,82,141,24,4,23,72,30,5,46,153,1,3,4,8,13,0,OF,0.31719532554257096,0.44649446494464945,136.96403301629684,2599487
drisclo01,2024,1,TBA,AL,15,15,35,2,6,0,0,1,5,0,0,1,6,0,0,0,1,0,0,C,0.1891891891891892,0.2571428571428571,38.72797050785613,16620434
drurybr01,2024,1,LAA,AL,97,97,325,28,55,7,0,4,15,1,0,27,81,0,5,0,3,13,0,2B,0.24166666666666667,0.2276923076923077,48.53702869827412,9276995
dubonma01,2024,1,HOU,AL,137,137,402,45,108,25,0,4,47,3,2,16,55,0,2,3,5,6,0,OF,0.2964705882352941,0.36069651741293535,105.37135264396547,9387145
duffyma01,2024,1,TEX,AL,4,4,7,2,2,0,0,0,0,0,0,2,1,0,1,0,0,0,0,3B,0.5,0.2857142857142857,154.57864094649608,25052282
dunnbl01,2024,1,CIN,NL,19,19,26,8,4,1,0,1,1,2,0,2,11,0,1,0,0,1,0,OF,0.2413793103448276,0.3076923076923077,71.19772072257969,26286467
dunnol01,2024,1,MIL,NL,41,41,95,11,21,2,2,1,7,3,0,6,40,0,2,1,0,1,0,3B,0.2815533980582524,0.3157894736842105,87.42508196807267,11855132
duranez01,2024,1,TEX,AL,92,92,268,26,66,11,0,3,20,1,2,14,63,0,2,0,1,6,0,3B,0.28771929824561404,0.3208955223880597,91.01477224202496,38457794
duranja01,2024,1,BOS,AL,160,160,671,111,191,48,14,21,75,34,7,54,160,1,6,1,3,6,0,OF,0.3419618528610354,0.4918032786885246,158.43822955526906,19783256
duvalad01,2024,1,ATL,NL,104,104,303,29,55,10,0,11,30,0,0,21,99,0,5,0,1,6,0,OF,0.24545454545454545,0.3234323432343234,77.08822746273762,1868139
edmanto01,2024,1,LAN,NL,37,37,139,20,33,5,1,6,20,6,0,11,30,0,1,0,2,2,0,OF,0.29411764705882354,0.4172661870503597,120.65013390414481,14074138
edwarxa01,2024,1,MIA,NL,70,70,265,39,87,12,5,1,26,31,4,33,52,1,0,1,4,0,0,SS,0.3973509933774834,0.4226415094339623,157.9584395,24249312
ellisdu01,2024,1,CHA,AL,8,8,4,1,0,0,0,0,0,4,0,0,2,0,0,0,0,0,0,OF,0,0,-100,6549505
ellisdu01,2024,2,NYA,AL,3,3,1,0,1,0,0,0,0,1,0,0,0,0,0,0,0,0,0,OF,1,1,531.0873805100698,38959572
encarch01,2024,1,CIN,NL,29,29,116,13,22,6,0,2,16,0,0,4,35,0,1,0,2,4,0,1B,0.21951219512195122,0.29310344827586204,59.468349969819066,22518554
encarje01,2024,1,SFN,NL,35,35,113,13,28,5,0,5,19,1,0,5,34,0,0,0,1,0,0,OF,0.2773109243697479,0.4247787610619469,116.96254987902641,36877829
espinsa01,2024,1,CIN,NL,118,118,357,32,88,12,0,9,45,11,1,24,54,1,2,4,4,7,0,3B,0.29457364341085274,0.3557422969187675,103.30440888128152,19445589
estrath01,2024,1,SFN,NL,96,96,364,43,79,15,2,9,47,2,2,10,76,0,5,0,2,8,0,2B,0.24671916010498687,0.3434065934065934,83.20926778646034,33110174
fabiasa01,2024,1,TEX,AL,3,3,5,0,0,0,0,0,0,0,0,0,0,0,0,0,0,0,0,OF,0,0,-100,27959276
faircst01,2024,1,CIN,NL,94,94,209,33,45,8,0,8,30,13,1,17,60,0,4,2,1,1,0,OF,0.2857142857142857,0.3684210526315789,103.84105005429305,39092897
farmeky01,2024,1,MIN,AL,107,107,215,26,46,13,1,5,25,3,5,19,49,1,6,0,2,6,0,2B,0.29338842975206614,0.35348837209302325,102.25238336272571,29183174
feduchu01,2024,1,LAN,NL,5,5,12,2,4,0,0,0,1,0,0,2,2,0,0,0,0,1,0,C,0.42857142857142855,0.3333333333333333,143.37044274813962,27118119
fermifr01,2024,1,KCA,AL,111,111,339,40,92,14,0,6,36,2,0,23,66,1,2,1,3,10,0,C,0.3188010899182561,0.36578171091445427,114.55749882630278,8178087
fermijo01,2024,1,SLN,NL,45,45,71,7,11,1,1,0,4,2,1,7,11,0,1,0,0,3,0,3B,0.24050632911392406,0.19718309859154928,39.45489577325745,18748307
fitzgty01,2024,1,SFN,NL,96,96,314,53,88,19,2,15,34,17,4,22,108,0,4,0,1,2,0,SS,0.3343108504398827,0.4968152866242038,157.21245004942196,8802031
fletcda02,2024,1,ATL,NL,5,5,8,0,2,0,0,0,2,0,0,0,1,0,0,0,1,0,0,2B,0.2222222222222222,0.25,48.14451687556682,34326889
fletcdo01,2024,1,CHA,AL,72,72,223,14,46,8,0,1,17,0,0,11,58,1,3,2,1,5,0,OF,0.25210084033613445,0.2556053811659193,60.09471330641265,36075523
florewi01,2024,1,SFN,NL,71,71,214,19,44,12,0,4,26,0,0,20,33,1,3,0,5,5,0,1B,0.2768595041322314,0.3177570093457944,86.35802520118516,5054813
flories01,2024,1,CLE,AL,36,36,98,11,17,6,2,3,11,2,1,11,41,0,1,1,0,2,0,OF,0.2636363636363636,0.3673469387755102,95.88361033,11640853
fordmi01,2024,1,CIN,NL,17,17,60,2,9,0,1,1,4,0,0,2,15,0,0,0,0,1,0,1B,0.1774193548387097,0.23333333333333334,27.87484202476729,25006647
forteni01,2024,1,MIA,NL,110,110,308,28,70,16,0,4,29,0,1,11,41,0,4,7,5,6,0,C,0.25914634146341464,0.3181818181818182,80.33978929867041,35933039
foscuju01,2024,1,TEX,AL,15,15,42,3,2,1,0,0,1,0,0,2,18,0,0,0,0,0,0,2B,0.090909091,0.071428571,-48.17069716,19521150
fraleja01,2024,1,CIN,NL,116,116,350,44,97,19,2,5,26,20,5,26,70,0,3,0,3,6,0,OF,0.3298429319371728,0.38571428571428573,124.05531113978863,3406383
francty01,2024,2,CIN,NL,52,52,179,18,45,10,0,5,20,1,0,10,31,0,2,0,4,5,0,1B,0.2923076923076923,0.39106145251396646,112.56749252317424,33823332
francty01,2024,1,SEA,AL,88,88,300,28,67,14,0,8,31,0,1,28,83,0,11,0,1,11,0,1B,0.31176470588235294,0.35,107.6288489964277,28912492
fraziad01,2024,1,KCA,AL,104,104,262,35,53,10,1,4,22,3,0,22,59,0,7,3,0,0,0,2B,0.281786942,0.29389312977099236,81.27643650393901,5441006
freemfr01,2024,1,LAN,NL,147,147,542,81,153,35,2,22,89,9,2,78,100,9,10,0,8,13,0,1B,0.3777429467084639,0.47601476014760147,166.3474878535299,37799392
freemty01,2024,1,CLE,AL,118,118,330,48,69,14,1,7,32,11,6,28,53,1,19,3,3,15,0,OF,0.30526315789473685,0.3212121212121212,97.18526357898858,34527498
frelisa01,2024,1,MIL,NL,145,145,475,66,123,22,4,2,32,18,3,39,78,0,4,2,1,8,0,OF,0.3198458574181118,0.33473684210526317,106.08722253161619,17088994
friedtj01,2024,1,CIN,NL,85,85,297,35,67,5,1,13,55,9,1,26,52,0,12,2,4,1,0,OF,0.30973451327433627,0.38047138047138046,115.59443341999263,5228856
fryda01,2024,1,CLE,AL,122,122,335,44,88,18,1,14,51,4,1,42,84,4,9,0,4,13,0,C,0.3564102564102564,0.44776119402985076,150.91568238121687,10267344
gallojo01,2024,1,WAS,NL,76,76,223,24,36,9,0,10,27,3,1,32,102,0,4,0,1,1,0,1B,0.27692307692307694,0.33632287,91.66211200338937,25551591
gamelbe01,2024,2,HOU,AL,20,20,58,13,15,3,0,1,4,0,0,11,17,1,0,0,0,0,0,OF,0.37681159420289856,0.3620689655172414,133.60671153579062,23288592
gamelbe01,2024,1,NYN,NL,18,18,23,9,5,1,0,0,0,1,0,7,7,0,0,0,0,0,0,OF,0.4,0.2608695652173913,112.85184772544041,18703589
garciad02,2024,1,TEX,AL,154,154,580,68,130,27,0,25,85,11,5,45,177,2,6,0,6,12,0,OF,0.28414442700156983,0.4,112.28128548537421,32127741
garciar01,2024,1,PHI,NL,3,3,7,0,0,0,0,0,0,0,0,0,3,0,0,0,0,1,0,C,0,0,-100,38561682
garciav01,2024,1,MIA,NL,18,18,50,4,12,1,0,2,2,0,0,1,13,0,0,0,0,4,0,OF,0.2549019607843137,0.38,96.45624865445362,4548758
garcilu04,2024,1,WAS,NL,140,140,500,58,141,25,1,18,70,22,5,27,86,2,0,0,1,12,0,2B,0.3181818181818182,0.444,136.59625123509028,13417920
garcima01,2024,1,KCA,AL,157,157,575,84,133,27,5,7,58,37,2,42,103,0,0,4,5,7,0,3B,0.28135048231511256,0.33217391304347826,92.01618603794736,3988579
garrest01,2024,1,WAS,NL,2,2,5,2,3,1,0,1,3,0,0,1,0,0,0,0,0,0,0,DH,0.6666666666666666,1.4,529.3608668626014,20911385
garvemi01,2024,1,SEA,AL,114,114,367,37,63,17,0,15,51,0,0,53,133,0,7,0,3,9,0,C,0.28604651162790695,0.3405994550408719,96.04085052441991,5909944
gaspemi01,2024,1,BOS,AL,13,13,18,1,0,0,0,0,0,0,0,4,8,0,1,0,0,1,0,2B,0.21739130434782608,0,-24.65569194,1869528
gelofza01,2024,1,OAK,AL,138,138,497,60,105,20,2,17,49,25,3,38,188,0,4,3,5,7,0,2B,0.2702205882352941,0.36217303822937624,96.69360288,915314
gentrty01,2024,1,KCA,AL,3,3,5,0,0,0,0,0,0,0,0,0,2,0,0,0,0,0,0,OF,0,0,-100,9326202
gimenan01,2024,1,CLE,AL,152,152,583,64,147,22,1,9,63,30,5,26,97,1,15,3,6,11,0,2B,0.2984126984126984,0.33962264150943394,100.04886381238589,39226450
goldspa01,2024,1,SLN,NL,154,154,599,70,147,33,1,22,65,11,0,47,173,2,2,0,2,20,0,1B,0.30153846153846153,0.41402337228714525,122.29947575655787,31503708
gomesya01,2024,1,CHN,NL,34,34,91,7,14,2,0,2,7,0,0,2,36,0,1,1,1,2,0,C,0.17894736842105263,0.24175824175824176,30.801343273211714,17700535
gonzani01,2024,1,PIT,NL,94,94,359,42,97,19,3,7,49,5,3,18,74,1,5,1,4,8,0,2B,0.31088082901554404,0.3983286908077994,121.07219632931051,8481501
gonzaro01,2024,1,BOS,AL,89,89,199,25,53,10,1,6,29,11,3,12,58,0,1,0,4,5,0,2B,0.3055555555555556,0.41708542713567837,124.56290105038819,31555406
goodmhu01,2024,1,COL,NL,70,70,211,24,40,9,0,13,36,1,1,8,64,0,3,0,2,5,0,OF,0.22767857142857142,0.41706161137440756,97.56522296079335,16726530
goodrni01,2024,2,LAA,AL,4,4,13,1,0,0,0,0,0,1,0,2,4,0,0,0,0,0,0,OF,0.13333333333333333,0,-53.78882439,28679372
goodrni01,2024,1,TBA,AL,9,9,16,1,3,0,0,0,0,0,1,1,6,0,0,1,0,0,0,OF,0.23529411764705882,0.1875,34.893551573258996,26312552
gordoni01,2024,1,MIA,NL,95,95,260,29,59,11,1,8,32,5,5,11,67,0,1,0,3,5,0,OF,0.2581818181818182,0.36923076923076925,94.52910962,31862548
gormano01,2024,1,SLN,NL,107,107,365,42,74,15,0,19,50,6,1,34,151,1,1,0,2,2,0,2B,0.27114427860696516,0.4,107.77564443229282,33895991
gourryu01,2024,1,KCA,AL,18,18,54,7,13,3,0,0,6,1,0,9,15,0,0,0,2,1,0,1B,0.3384615384615385,0.2962962962962963,101.60264406178503,32237640
grandya01,2024,1,PIT,NL,72,72,215,26,49,10,0,9,27,1,0,24,46,0,0,3,1,7,0,C,0.30416666666666664,0.4,119.2206697347983,16212196
graytr01,2024,1,MIA,NL,7,7,7,0,0,0,0,0,0,0,0,0,3,0,0,0,0,0,0,1B,0,0,-100,22657204
graytr01,2024,2,OAK,AL,8,8,21,0,3,1,0,0,0,0,0,3,13,0,0,0,0,0,0,1B,0.25,0.19047619047619047,40.83710920847889,8530793
greenri02,2024,1,DET,AL,137,137,512,82,134,27,6,24,74,4,2,64,156,3,5,0,2,2,0,OF,0.3481989708404803,0.478515625,156.8195288879625,3515817
grichra01,2024,1,ARI,NL,106,106,254,40,74,20,2,12,46,0,0,20,46,0,3,0,2,5,0,OF,0.34767025089605735,0.5275590551181102,170.5893137433787,1965898
grishtr01,2024,1,NYA,AL,76,76,179,21,34,8,0,9,31,1,1,22,57,1,4,1,2,5,0,OF,0.2898550724637681,0.3854748603351955,110.12804879349929,19056902
grissva01,2024,1,BOS,AL,31,31,105,10,20,3,0,0,6,2,0,7,24,0,1,0,1,3,0,2B,0.24561403508771928,0.21904761904761905,47.445677988783075,16890312
grossro01,2024,1,CHA,AL,25,25,71,6,15,4,0,0,4,2,0,13,20,0,0,0,1,2,0,OF,0.32941176470588235,0.2676056338028169,90.30354321308293,22228138
grossro01,2024,3,KCA,AL,16,16,32,2,4,0,0,0,2,0,0,5,13,0,1,0,0,1,0,OF,0.2631578947368421,0.125,26.76921308003939,809769
grossro01,2024,2,TEX,AL,46,46,105,13,25,4,0,3,10,1,0,16,25,0,0,0,1,5,0,OF,0.3360655737704918,0.3619047619047619,119.43808373102573,27217035
guerrvl02,2024,1,TOR,AL,159,159,616,98,199,44,1,30,103,2,2,72,96,12,5,0,4,16,0,1B,0.39598278335724535,0.5438311688311688,191.9631299921698,5965280
guilllu01,2024,2,LAA,AL,51,50,104,6,24,5,1,0,3,1,2,11,23,0,0,1,1,4,0,2B,0.3017241379310345,0.2980769230769231,89.37665022093006,33790565
guilllu01,2024,3,ARI,NL,18,18,37,6,6,2,0,0,4,3,0,11,8,0,0,0,1,2,0,2B,0.3469387755102041,0.21621621621621623,81.75764909298951,25107805
guilllu01,2024,1,ATL,NL,10,9,20,2,3,2,0,0,3,0,0,1,5,0,0,0,0,1,0,2B,0.19047619047619047,0.25,37.14185601619469,17807051
gurrilo01,2024,1,ARI,NL,133,133,513,72,143,22,2,18,75,7,1,29,101,1,6,0,5,16,0,OF,0.321880651,0.4346978557504873,135.23171364342232,22079274
haaseer01,2024,1,MIL,NL,30,30,66,10,18,1,0,5,14,0,0,3,28,0,0,0,0,0,0,C,0.30434782608695654,0.5151515151515151,152.04447305428425,5869563
haggesa01,2024,1,SEA,AL,8,8,15,1,1,0,0,0,1,1,0,1,4,0,0,0,0,0,0,OF,0.125,0.066666667,-37.71011864,8036786
hamilda03,2024,1,BOS,AL,98,98,294,47,73,17,1,8,28,33,4,22,80,0,1,0,0,1,0,SS,0.3028391167192429,0.3945578231292517,117.21224369407098,26139506
hampsga01,2024,1,KCA,AL,113,113,213,16,49,13,1,0,16,7,2,14,59,0,0,2,2,3,0,OF,0.27510917030567683,0.3004694835680751,80.83302514,32940549
hanigmi01,2024,1,SEA,AL,121,121,380,42,79,12,0,12,44,0,0,40,126,0,2,0,1,10,0,OF,0.2860520094562648,0.33421052631578946,94.22508299390859,13526040
happia01,2024,1,CHN,NL,153,153,569,89,138,34,2,25,86,13,2,80,168,1,6,0,2,7,0,OF,0.3409436834094368,0.44112478031634444,143.66713512364396,15027942
harpebr03,2024,1,PHI,NL,145,145,550,85,157,42,0,30,87,7,4,76,138,11,2,1,2,18,0,1B,0.373015873,0.5254545454545455,178.77495570510615,22260843
harribr02,2024,1,OAK,AL,36,36,103,15,15,3,0,3,12,0,3,17,25,0,2,0,1,3,0,3B,0.2764227642276423,0.2621359223300971,70.38226075962206,31880612
harridu01,2024,1,TEX,AL,2,2,6,1,2,1,0,1,3,0,0,1,2,0,0,0,0,0,0,DH,0.42857142857142855,1,333.03948504137145,14462981
harrimi04,2024,1,ATL,NL,110,110,440,58,116,14,3,16,48,10,6,23,94,1,4,0,3,6,0,OF,0.30425531914893617,0.41818181818181815,124.42418731303869,38929909
hayeske01,2024,1,PIT,NL,96,96,365,38,85,9,0,4,25,11,2,23,75,1,4,0,4,12,0,3B,0.2828282828282828,0.29041095890410956,80.64665850824493,30840119
haysau01,2024,1,BAL,AL,63,63,157,18,40,13,0,3,14,0,1,9,40,1,6,1,2,1,0,OF,0.3160919540229885,0.39490445859872614,121.90408166009385,28470865
haysau01,2024,2,PHI,NL,22,22,78,8,20,5,0,2,6,2,1,0,19,0,2,0,0,1,0,OF,0.275,0.3974358974358974,108.38247875373774,37544017
hedgeau01,2024,1,CLE,AL,66,66,132,12,20,3,0,2,15,2,0,6,50,0,3,3,2,2,0,C,0.20279720279720279,0.2196969696969697,32.79079939234255,12138275
heimjo01,2024,1,TEX,AL,131,131,459,45,101,12,1,13,59,1,1,26,90,0,4,0,2,13,0,C,0.2668024439918534,0.3355119825708061,87.92376406,31067913
heinety01,2024,1,BOS,AL,2,2,2,0,0,0,0,0,0,0,0,0,1,0,1,0,0,0,0,C,0.3333333333333333,0,15.527939023407345,28977328
heinety01,2024,2,TOR,AL,6,5,10,2,1,0,0,0,0,0,0,3,5,0,0,0,0,0,0,C,0.3076923076923077,0.1,35.091530827130015,33281046
helmami01,2024,1,MIN,AL,9,9,10,2,3,2,0,0,0,0,0,0,3,0,0,0,0,0,0,OF,0.3,0.5,146.22692684099044,18926466
hendegu01,2024,1,BAL,AL,159,159,630,118,177,31,7,37,92,21,4,78,159,1,7,0,4,2,0,SS,0.36439499304589706,0.5285714285714286,176.67386257218638,32404253
henslda01,2024,1,MIA,NL,23,23,52,9,11,1,0,1,4,1,0,6,17,0,0,0,0,0,0,OF,0.29310344827586204,0.28846153846153844,83.65324750754104,35109260
hernada04,2024,1,OAK,AL,48,48,120,8,23,3,0,1,12,1,1,11,27,0,1,1,2,4,0,3B,0.26119402985074625,0.24166666666666667,59.28065169292167,27400202
hernaen02,2024,1,LAN,NL,126,126,362,44,83,16,0,12,42,0,0,27,77,0,0,1,3,13,0,3B,0.28061224489795916,0.3729281767955801,103.35505815884667,15701438
hernate01,2024,1,LAN,NL,154,154,589,84,160,32,2,33,99,12,3,53,188,3,8,0,1,7,0,OF,0.33947772657450076,0.5008488964346349,160.15078206708048,10538084
herreiv01,2024,1,SLN,NL,72,72,229,37,69,12,1,5,27,5,0,25,53,0,2,0,2,3,0,C,0.37209302325581395,0.4279475982532751,150.714037,29890353
herrejo04,2024,1,ARI,NL,42,42,97,11,22,4,1,1,13,0,0,9,27,0,0,7,1,1,0,C,0.2897196261682243,0.31958762886597936,91.33595316120362,11194340
heywaja01,2024,2,HOU,AL,24,24,55,8,12,2,0,4,9,1,0,5,17,2,0,0,0,0,0,OF,0.2833333333333333,0.4727272727272727,132.69134179600604,5538611
heywaja01,2024,1,LAN,NL,63,63,173,25,36,10,2,6,28,4,0,17,36,0,4,0,3,3,0,OF,0.2893401015228426,0.3930635838150289,112.10858707108535,25062620
hicklbr01,2024,1,MIL,NL,3,3,5,0,0,0,0,0,0,1,0,0,4,0,0,0,0,0,0,OF,0,0,-100,4858964
hicksaa01,2024,1,LAA,AL,18,18,57,6,8,0,0,1,5,0,0,6,23,0,0,0,0,1,0,OF,0.2222222222222222,0.19298245614035087,31.92282246890883,15703551
higasky01,2024,1,SDN,NL,84,84,246,29,54,10,1,17,45,2,0,15,74,0,0,1,1,3,0,C,0.2633587786259542,0.47560975609756095,126.58856117164774,7225855
hillde01,2024,3,MIA,NL,32,32,107,11,25,4,1,4,18,4,1,2,39,0,2,2,1,1,0,OF,0.25892857142857145,0.40186915887850466,104.07366037176283,10068314
hillde01,2024,2,SFN,NL,5,5,12,3,3,0,1,0,2,0,0,1,3,0,0,0,0,0,0,OF,0.3076923076923077,0.4166666666666667,125.18432591641515,27106952
hillde01,2024,1,TEX,AL,16,16,43,5,11,0,0,3,5,2,1,2,14,0,0,0,0,1,0,OF,0.28888888888888886,0.46511627906976744,132.45145262951783,39178512
hillisa01,2024,1,COL,NL,58,58,138,26,33,5,1,10,27,5,2,14,56,1,0,4,2,3,0,OF,0.3051948051948052,0.5072463768115942,150.08898227926872,21813330
hindsre01,2024,1,CIN,NL,24,24,46,9,12,4,1,5,11,2,0,4,16,0,1,0,0,0,0,OF,0.3333333333333333,0.717391304,219.62832149112418,38309684
hiurake01,2024,1,LAA,AL,10,10,27,1,4,0,0,0,1,0,1,0,10,0,0,0,0,0,0,2B,0.14814814814814814,0.14814814814814814,-6.505573258,22442534
hoernni01,2024,1,CHN,NL,151,151,582,86,159,35,1,7,48,31,6,44,66,1,12,0,3,8,0,2B,0.33541341653666146,0.37285223367697595,122.32665131744689,29412272
hollija01,2024,1,BAL,AL,60,60,190,28,36,4,2,5,23,4,0,15,69,0,2,0,1,1,0,2B,0.2548076923076923,0.3105263157894737,76.65806600280737,26134205
horwisp01,2024,1,TOR,AL,97,97,328,46,87,19,0,12,40,0,0,42,70,2,7,0,4,8,0,1B,0.3569553805774278,0.4329268292682927,146.8841839598226,24494214
hoskirh01,2024,1,MIL,NL,131,131,449,59,96,14,0,26,82,3,0,53,149,1,7,0,6,11,0,1B,0.3029126213592233,0.41870824053452116,124.10859902312663,11692515
hudsojo03,2024,1,NYN,NL,1,1,0,0,0,0,0,0,0,0,0,0,0,0,0,0,0,0,0,C,,,,9695694
huffsa01,2024,1,TEX,AL,3,3,3,0,0,0,0,0,0,0,0,1,2,0,0,0,0,0,0,C,0.25,0,-13.35404573,9960671
hummeco01,2024,1,HOU,AL,6,6,8,0,0,0,0,0,0,1,0,0,2,0,0,0,0,1,0,OF,0,0,-100,26088537
hurtuja01,2024,1,CIN,NL,29,29,54,7,10,1,1,0,4,2,0,6,18,0,3,4,1,0,0,OF,0.296875,0.24074074074074073,71.38366929861144,11870610
ibanean01,2024,1,DET,AL,99,99,224,30,54,9,1,5,32,2,3,15,63,0,3,0,2,2,0,2B,0.29508196721311475,0.35714285714285715,103.87905005954275,28481057
iglesjo01,2024,1,NYN,NL,85,85,270,39,91,16,1,4,26,6,2,12,39,1,8,0,1,4,0,2B,0.38144329896907214,0.44814814814814813,159.70181964967588,1472455
indiajo01,2024,1,CIN,NL,151,151,533,84,132,28,2,15,58,13,2,80,125,0,15,2,7,16,0,2B,0.35748031496062993,0.3921200750469043,135.45645073366506,24023985
isbelky01,2024,1,KCA,AL,136,136,384,62,88,13,8,8,42,11,2,27,88,0,5,8,2,4,0,OF,0.28708133971291866,0.3671875,103.96389872790554,28502347
jacksal02,2024,1,TBA,AL,58,58,139,17,17,7,0,3,12,1,0,12,53,0,2,1,1,2,0,C,0.2012987012987013,0.23741007194244604,37.31088373151885,31790009
jankotr01,2024,1,TEX,AL,104,104,190,19,38,5,0,1,12,11,1,12,44,0,5,0,0,3,0,OF,0.26570048309178745,0.24210526315789474,60.96729772331682,21827224
janseda01,2024,2,BOS,AL,30,30,80,8,15,0,0,3,6,0,0,15,19,0,1,0,0,3,0,C,0.3229166666666667,0.3,97.26875996088017,7171870
janseda01,2024,1,TOR,AL,62,62,198,27,42,13,0,6,18,0,0,25,42,0,2,0,3,1,0,C,0.3026315789473684,0.3686868686868687,109.77993573246056,39147484
jeffery01,2024,1,MIN,AL,122,122,412,56,93,22,0,21,64,3,0,32,94,0,14,1,6,9,0,C,0.2995689655172414,0.4320388349514563,126.74234363283281,30303112
jimenel02,2024,2,BAL,AL,33,33,95,7,22,5,0,1,7,0,0,4,23,0,1,0,0,2,0,OF,0.27,0.3157894736842105,83.42086116891187,19286236
jimenel02,2024,1,CHA,AL,65,65,229,18,55,9,0,5,16,3,0,18,47,1,1,0,1,11,0,OF,0.2971887550200803,0.34497816593886466,101.1483306237566,11365544
jimenle01,2024,1,TOR,AL,63,63,179,18,41,11,0,4,19,0,0,12,59,0,16,0,3,6,0,SS,0.32857142857142857,0.3575418994413408,115.59948436461465,31805551
joeco01,2024,1,PIT,NL,123,123,364,49,83,22,1,9,36,2,2,44,91,1,6,0,2,7,0,1B,0.31971153846153844,0.36813186813186816,115.54167366067772,7056771
johnsbr03,2024,1,SDN,NL,47,47,63,9,13,2,0,0,4,1,1,7,12,0,0,3,0,1,0,OF,0.2857142857142857,0.23809523809523808,66.76289141050336,6683795
johnsda07,2024,1,BAL,AL,1,1,1,1,0,0,0,0,0,0,0,0,0,0,0,0,0,0,0,OF,0,0,-100,20930186
jonesgr02,2024,1,COL,NL,6,6,5,1,1,0,0,1,1,0,0,1,4,0,0,0,0,0,0,OF,0.3333333333333333,0.8,243.13078977528556,23436785
jonesja08,2024,1,NYA,AL,33,33,42,8,10,1,1,1,4,1,1,2,16,0,2,1,0,0,0,OF,0.30434782608695654,0.38095238095238093,113.86434116408823,30846476
jonesno01,2024,1,COL,NL,79,79,256,28,58,13,1,3,28,5,4,36,91,2,1,1,3,7,0,OF,0.32094594594594594,0.3203125,102.36471868348534,15265809
jordale01,2024,1,CIN,NL,7,7,10,1,1,1,0,0,1,0,0,0,3,0,0,0,1,0,0,OF,0.090909091,0.2,-11.59166758,8108393
judgeaa01,2024,1,NYA,AL,158,158,559,122,180,36,1,58,144,10,0,133,171,20,9,0,2,22,0,OF,0.45803698435277385,0.7012522361359571,258.2569664471593,31952839
julieed01,2024,1,MIN,AL,94,94,266,36,53,9,0,8,21,6,0,33,102,0,2,0,0,2,0,2B,0.292358804,0.3233082706766917,93.30918533689277,30526906
julksco01,2024,1,CHA,AL,66,66,173,17,37,7,0,3,14,5,2,15,50,0,0,0,1,6,0,OF,0.2751322751322751,0.3063583815028902,82.51644534179503,28728868
jungja01,2024,1,DET,AL,34,34,79,14,19,5,0,0,3,0,1,15,29,0,0,0,0,3,0,3B,0.3617021276595745,0.3037974683544304,111.79156635751588,28088637
jungjo01,2024,1,TEX,AL,46,46,178,19,47,5,1,7,16,4,0,8,48,0,1,0,1,1,0,3B,0.2978723404255319,0.42134831460674155,123.11282969931345,1724805
kavadni01,2024,1,LAA,AL,30,30,93,11,17,2,0,4,8,1,0,11,41,0,2,0,0,0,0,1B,0.2830188679245283,0.3333333333333333,92.92428069479195,10735162
keirsda01,2024,1,MIN,AL,6,6,13,1,2,0,0,1,1,0,0,0,1,0,1,0,0,0,0,OF,0.21428571428571427,0.38461538461538464,83.69240827762638,5017124
keithco01,2024,1,DET,AL,148,148,516,54,134,15,4,13,61,7,1,36,110,2,2,0,2,4,0,2B,0.30935251798561153,0.3798449612403101,115.28382153127681,39584682
kelenja01,2024,1,ATL,NL,131,131,412,49,95,18,2,15,45,7,2,32,133,1,1,1,3,5,0,OF,0.2857142857142857,0.3932038834951456,110.89185374710482,29182469
kellyca02,2024,1,DET,AL,60,60,179,21,43,4,1,7,29,0,0,17,40,0,6,0,1,3,0,C,0.3251231527093596,0.39106145251396646,123.94080004810081,914232
kellyca02,2024,2,TEX,AL,31,31,102,11,24,5,0,2,8,0,0,8,15,0,0,0,0,3,0,C,0.2909090909090909,0.3431372549019608,98.44815491627612,6930732
kempto01,2024,1,BAL,AL,5,5,9,1,0,0,0,0,0,0,0,1,1,0,0,0,0,0,0,2B,0.1,0,-65.34161829,35304768
kennebu01,2024,1,DET,AL,6,6,10,2,2,0,0,1,4,1,0,2,4,0,0,0,1,0,0,2B,0.3076923076923077,0.5,148.8929562030691,35599304
kennebu01,2024,2,PHI,NL,8,8,11,1,2,1,0,0,2,0,0,2,3,0,0,0,0,0,0,2B,0.3076923076923077,0.2727272727272727,84.23305542128551,10930288
keplema01,2024,1,MIN,AL,105,105,368,43,93,21,1,8,42,1,0,22,80,0,5,0,3,3,0,OF,0.3015075376884422,0.3804347826086957,112.73268459614184,7740791
kessigr01,2024,1,HOU,AL,23,22,21,4,0,0,0,0,0,0,0,3,7,0,1,0,0,1,0,3B,0.16,0,-44.54658927,18786112
kiermke01,2024,2,LAN,NL,34,34,59,7,12,2,1,1,8,1,2,2,20,0,1,2,0,1,0,OF,0.24193548387096775,0.3220338983050847,75.47071510095327,26978847
kiermke01,2024,1,TOR,AL,82,82,200,24,39,7,2,4,18,5,0,10,66,0,1,5,1,3,0,OF,0.2358490566037736,0.31,69.93757095649951,20316637
kimha01,2024,1,SDN,NL,121,121,403,60,94,16,3,11,47,22,5,58,77,4,2,4,3,8,0,SS,0.33047210300429186,0.369727047,119.72494530769504,19308083
kineris01,2024,2,PIT,NL,50,50,208,21,50,10,2,1,10,8,1,3,41,0,4,0,0,3,0,2B,0.2651162790697674,0.32211538461538464,83.52798672932823,7935615
kineris01,2024,1,TOR,AL,83,83,257,32,75,8,2,7,33,3,1,13,37,0,6,3,2,9,0,2B,0.3381294964028777,0.42023346303501946,136.74812923747183,24123411
kirilal01,2024,1,MIN,AL,57,57,159,20,32,8,3,5,20,0,0,15,47,0,1,0,3,5,0,OF,0.2696629213483146,0.3836477987421384,102.60997045119784,27947279
kirkal01,2024,1,TOR,AL,103,103,340,23,86,19,1,5,54,0,0,35,51,1,2,0,9,11,0,C,0.31865284974093266,0.3588235294117647,112.52649374722638,798918
kjershe01,2024,1,BAL,AL,39,39,99,8,25,2,0,4,14,1,0,10,33,2,5,0,0,0,0,OF,0.3508771929824561,0.3939393939393939,133.6855182218361,25156488
knappan01,2024,1,SFN,NL,3,3,6,0,1,0,0,0,0,0,0,0,2,0,0,0,0,0,0,C,0.16666666666666666,0.16666666666666666,5.181230085011612,38703638
kniznan01,2024,1,TEX,AL,37,35,90,5,15,1,0,1,9,0,0,1,22,0,1,0,1,2,0,C,0.1827956989247312,0.2111111111111111,23.415894470209153,20170365
kochgr01,2024,1,PIT,NL,3,3,7,1,0,0,0,0,0,0,0,1,6,0,0,0,0,0,0,C,0.125,0,-56.67702287,35406022
kreidry01,2024,1,DET,AL,35,35,59,9,7,0,0,1,2,5,3,6,19,0,0,0,0,2,0,SS,0.2,0.1694915254237288,17.53770637,26609929
kwanst01,2024,1,CLE,AL,122,122,480,83,140,16,3,14,44,12,5,53,51,0,5,2,0,5,0,OF,0.3680297397769517,0.425,148.4671664691917,9568718
langesh01,2024,1,OAK,AL,137,137,482,58,108,18,2,29,80,4,2,41,145,2,5,0,6,15,0,C,0.2883895131086142,0.45020746887966806,128.03676743970627,33014271
langfwy01,2024,1,TEX,AL,134,134,499,74,126,25,4,16,74,19,3,51,115,3,4,0,3,6,0,OF,0.3249551166965889,0.4148296593186373,130.64470101789354,5635070
larnatr01,2024,1,MIN,AL,112,112,355,59,92,17,0,15,52,4,1,40,89,1,3,0,2,12,0,OF,0.3375,0.43380281690140843,140.39048549989442,34311236
laurera01,2024,2,ATL,NL,67,67,216,28,64,13,1,10,29,5,2,8,64,0,2,0,0,4,0,OF,0.3274336283185841,0.5046296296296297,157.0521245867674,12756452
laurera01,2024,1,CLE,AL,31,31,70,7,10,3,0,1,4,3,1,7,32,0,5,0,1,1,0,OF,0.26506024096385544,0.22857142857142856,56.89497599591391,11142807
leblach01,2024,1,LAA,AL,11,11,21,6,4,0,0,2,6,0,0,7,9,0,0,0,0,0,0,3B,0.39285714285714285,0.47619047619047616,171.6358154870385,22194456
leebr02,2024,1,MIN,AL,50,50,172,9,38,6,1,3,27,3,0,11,27,2,0,0,2,6,0,SS,0.2648648648648649,0.31976744186046513,82.77285255400007,10225232
leeju01,2024,1,SFN,NL,37,37,145,15,38,4,0,2,8,2,3,10,13,0,1,0,2,2,0,OF,0.310126582,0.3310344827586207,101.66534462731262,26960519
leeko01,2024,1,CHA,AL,125,125,377,36,79,14,1,12,37,6,3,17,122,0,0,0,0,12,0,C,0.2436548223350254,0.34748010610079577,83.30614678257264,14893998
lemahdj01,2024,1,NYA,AL,67,67,201,19,41,5,0,2,26,0,1,19,35,0,1,1,6,13,0,1B,0.2687224669603524,0.25870646766169153,66.73777026633255,22832757
leonpe01,2024,1,HOU,AL,7,7,20,2,2,0,0,0,0,2,0,1,10,0,0,0,0,2,0,OF,0.14285714285714285,0.1,-22.03766979,15130062
lewisro02,2024,1,MIN,AL,82,82,292,40,68,16,0,16,47,0,0,28,74,2,0,0,5,5,0,3B,0.2953846153846154,0.4520547945205479,130.98672741498345,32382679
lindofr01,2024,1,NYN,NL,152,152,618,107,169,39,1,33,91,29,4,56,127,0,12,0,3,7,0,SS,0.3439767779390421,0.5,161.4685664015532,23153756
lipsctr01,2024,1,WAS,NL,61,61,190,20,38,3,0,1,10,11,2,16,40,0,2,1,1,7,0,3B,0.2679425837320574,0.23157894736842105,58.74959916947877,25954026
locklty01,2024,1,SEA,AL,16,16,45,3,7,1,0,2,3,1,0,3,20,0,1,0,0,3,0,1B,0.22448979591836735,0.3111111111111111,66.31675009954441,8098636
lockrbr01,2024,1,SDN,NL,12,12,12,4,2,0,0,1,1,2,0,0,4,0,0,0,0,0,0,OF,0.16666666666666666,0.4166666666666667,76.30712094497353,29699486
loftini01,2024,1,KCA,AL,57,56,148,15,28,4,0,1,14,1,0,19,24,0,1,1,2,4,0,2B,0.2823529411764706,0.23648648648648649,65.14020822471984,23523274
loperjo01,2024,1,HOU,AL,38,38,106,11,25,5,1,2,16,2,1,7,43,0,3,1,1,1,0,OF,0.29914529914529914,0.3584905660377358,105.6707631336951,21787796
loperjo01,2024,2,TOR,AL,43,43,137,13,27,8,3,2,9,2,1,6,52,0,1,0,0,2,0,OF,0.2361111111111111,0.34306569343065696,79.43570241656445,2335086
lopezja03,2024,1,LAA,AL,27,27,67,4,17,3,0,1,6,0,1,2,25,0,1,1,0,2,0,2B,0.2857142857142857,0.34328358208955223,96.68935010922223,11497762
lopezni01,2024,1,CHA,AL,124,124,398,40,96,12,3,1,21,5,7,37,67,0,4,6,0,3,0,2B,0.3120728929384966,0.29396984924623115,91.79488409319849,39363659
lopezot01,2024,1,MIA,NL,117,117,403,49,109,23,1,6,39,20,4,25,75,0,1,2,2,13,0,2B,0.31322505800464034,0.3771712158808933,115.86529115034416,8402796
lowebr01,2024,1,TBA,AL,107,107,385,56,94,19,3,21,58,5,1,33,112,2,5,0,2,7,0,2B,0.31058823529411766,0.4727272727272727,142.13744975144937,32917116
lowejo01,2024,1,TBA,AL,106,106,353,37,85,19,2,10,34,25,1,32,123,4,0,0,2,2,0,OF,0.3023255813953488,0.3909348441926346,116.00351024358027,25804467
lowena01,2024,1,TEX,AL,140,140,486,62,129,16,1,16,69,2,0,71,125,1,4,0,4,9,0,1B,0.36106194690265486,0.4012345679012346,139.29089209947674,34944746
luciama01,2024,1,SFN,NL,27,27,76,10,16,5,1,0,3,0,1,5,28,0,0,0,0,1,0,2B,0.25925925925925924,0.3026315789473684,75.95482630482628,20103667
lukesna01,2024,1,TOR,AL,22,22,76,13,23,4,2,1,10,1,0,10,9,0,0,2,3,1,0,OF,0.3707865168539326,0.4473684210526316,155.78651628934006,4958207
luxga01,2024,1,LAN,NL,139,139,439,59,110,24,2,10,50,5,2,44,110,0,2,0,2,8,0,2B,0.3203285420944558,0.3826879271070615,119.89676778300348,34879466
machama01,2024,1,SDN,NL,152,152,593,77,163,30,0,29,105,11,2,45,124,6,1,0,4,25,0,3B,0.3250388802488336,0.47217537942664417,146.9887938,5926282
madribl01,2024,1,DET,AL,21,21,67,8,18,3,0,1,5,0,0,6,20,0,0,0,1,0,0,1B,0.32432432432432434,0.3582089552238806,114.31728651030389,28110750
madrini01,2024,1,CHN,NL,51,51,86,5,19,3,0,0,10,1,0,4,10,0,3,1,0,2,0,3B,0.27956989247311825,0.2558139534883721,69.67438181632217,5891175
mailelu01,2024,1,CIN,NL,55,53,135,8,24,4,0,2,8,2,0,13,52,0,4,1,1,4,0,C,0.2679738562091503,0.2518518518518518,64.52815127077058,35507851
maldoma01,2024,1,CHA,AL,48,48,135,9,16,3,0,4,11,0,0,8,51,0,1,3,0,5,0,C,0.1736111111111111,0.22962962962962963,25.50124947569339,33516236
malloju02,2024,1,DET,AL,71,71,202,18,41,7,1,8,21,1,1,23,85,0,3,0,2,2,0,OF,0.29130434782608694,0.36633663366336633,105.18545049450267,9440742
manzaky01,2024,1,CLE,AL,53,53,145,11,34,12,0,5,15,0,0,9,41,0,1,0,1,3,0,1B,0.28205128205128205,0.4206896551724138,117.44211594171561,5807905
marchra01,2024,1,PHI,NL,17,17,51,8,15,4,0,3,6,0,0,3,8,0,1,1,0,1,0,C,0.34545454545454546,0.5490196078431373,175.92698981761518,19836724
margoma01,2024,1,MIN,AL,129,129,315,37,75,17,1,4,31,5,0,21,54,0,3,1,3,10,0,OF,0.2894736842105263,0.33650793650793653,96.06460147736225,22351484
marloca01,2024,1,SEA,AL,8,8,8,1,2,0,0,0,0,0,0,1,1,0,0,0,0,1,0,OF,0.3333333333333333,0.25,86.65382988336927,12491034
marshbr02,2024,1,PHI,NL,135,135,418,55,104,17,3,16,60,19,3,50,154,0,2,1,5,2,0,OF,0.32842105263157895,0.41866028708133973,132.93576557266374,20578227
marteke01,2024,1,ARI,NL,136,136,504,93,147,23,2,36,95,7,1,65,106,7,5,0,9,9,0,2B,0.37221269296740994,0.5595238095238095,188.18941352959396,10303955
marteno01,2024,1,CIN,NL,66,66,229,24,48,9,0,4,18,9,3,9,75,0,3,0,1,1,0,3B,0.24793388429752067,0.30131004366812225,71.65365312,10037132
martest01,2024,1,NYN,NL,94,94,335,46,90,13,3,7,40,16,1,27,81,1,3,3,2,8,0,OF,0.32697547683923706,0.3880597014925373,123.72877675332923,18784604
martian02,2024,1,CLE,AL,43,43,151,16,35,7,0,3,11,3,1,15,33,0,0,1,2,2,0,OF,0.2976190476190476,0.33774834437086093,99.24055307603246,32236265
martiau01,2024,1,MIN,AL,93,93,233,41,59,18,1,1,16,7,3,20,47,0,2,2,0,4,0,OF,0.3176470588235294,0.35193133,110.21704773362812,32338330
martijd02,2024,1,NYN,NL,120,120,434,46,102,24,1,16,69,0,0,49,141,0,6,0,2,17,0,DH,0.319755601,0.4055299539170507,126.19683363092662,10966451
martijp01,2024,1,ATL,NL,7,7,10,2,2,1,0,0,0,1,0,0,4,0,0,0,0,0,0,OF,0.2,0.3,54.667832445998734,23439137
martini02,2024,1,CIN,NL,52,52,146,23,31,4,2,5,24,1,3,9,38,0,4,0,3,1,0,OF,0.2716049382716049,0.3698630136986301,99.36122162315635,11007686
martior01,2024,1,TOR,AL,1,1,3,0,1,0,0,0,0,0,0,0,1,0,0,0,0,0,0,2B,0.3333333333333333,0.3333333333333333,110.36246017002323,14111916
massemi02,2024,1,KCA,AL,100,100,332,45,86,17,2,14,45,1,0,15,56,1,3,2,4,9,0,2B,0.2937853107344633,0.44879518072289154,129.50506256380464,9814201
mastrmi01,2024,1,CHN,NL,50,50,98,9,19,3,0,0,4,2,0,7,17,0,0,0,1,1,0,3B,0.24528301886792453,0.22448979591836735,48.87927183641225,7350696
mateojo01,2024,1,BAL,AL,68,68,192,30,44,14,2,5,18,13,2,10,48,0,1,2,3,3,0,2B,0.2669902912621359,0.4010416666666667,106.63229752084371,21688867
matonni01,2024,1,BAL,AL,5,5,5,0,0,0,0,0,0,0,0,0,2,0,0,0,0,0,0,3B,0,0,-100,34831375
matoslu02,2024,1,SFN,NL,45,45,150,14,32,5,0,5,25,0,0,5,24,1,0,0,1,5,0,OF,0.23717948717948717,0.3466666666666667,80.83047398990499,8079803
mayoco01,2024,1,BAL,AL,17,17,41,4,4,0,0,0,0,0,0,4,22,0,1,0,0,1,0,3B,0.1956521739130435,0.097560976,-4.433677533,13734292
mccanja02,2024,1,BAL,AL,66,65,214,27,50,9,0,8,31,1,0,13,56,0,2,0,4,3,0,C,0.27896995708154504,0.3878504672897196,107.0313125989732,32540367
mccanky01,2024,1,OAK,AL,54,54,140,13,33,4,0,5,15,0,0,16,59,1,1,0,0,2,0,C,0.3184713375796178,0.37142857142857144,116.04976394060378,33500390
mccarja02,2024,1,ARI,NL,142,142,442,66,126,13,7,8,56,25,6,31,78,1,14,5,3,4,0,OF,0.3489795918367347,0.4004524886877828,134.88083903841311,10932259
mccorch01,2024,1,HOU,AL,94,94,242,32,51,6,1,5,27,8,2,17,72,0,4,1,3,3,0,OF,0.2706766917293233,0.30578512396694213,80.80911842697928,15978396
mccoyma01,2024,1,SDN,NL,19,19,49,7,10,2,0,0,3,1,0,5,19,0,0,3,0,2,0,SS,0.2777777777777778,0.24489795918367346,65.94762459,33292530
mccragr01,2024,1,SFN,NL,37,37,124,13,25,3,2,5,10,5,0,6,56,0,0,0,0,3,0,OF,0.23846153846153847,0.3790322580645161,90.48293830244435,39630921
mccutan01,2024,1,PIT,NL,120,120,448,66,104,18,1,20,50,3,2,58,133,1,7,0,2,9,0,OF,0.32815533980582523,0.4107142857142857,130.58300810324468,19008765
mcguire01,2024,1,BOS,AL,53,53,139,10,29,3,0,3,18,3,0,13,39,0,2,1,3,4,0,C,0.2802547770700637,0.2949640287769784,81.05008766273096,22494605
mckenry01,2024,1,BAL,AL,9,9,8,3,3,0,0,2,2,0,1,1,1,0,0,0,0,0,0,OF,0.4444444444444444,1.125,374.1037609010384,8898813
mckenry01,2024,2,SFN,NL,4,4,6,1,0,0,0,0,0,1,0,0,4,0,0,0,0,0,0,OF,0,0,-100,21763412
mckinbi01,2024,1,PIT,NL,10,10,25,4,5,1,0,0,2,0,0,2,13,0,1,0,0,1,0,OF,0.2857142857142857,0.24,67.30480295991259,9827561
mckinza01,2024,1,DET,AL,118,118,297,32,64,14,5,4,23,16,0,24,69,0,2,0,2,3,0,SS,0.27692307692307694,0.3367003367003367,91.76950263747305,9490962
mcmahry01,2024,1,COL,NL,153,153,567,68,137,28,0,20,65,4,6,69,185,4,3,0,4,9,0,3B,0.3250388802488336,0.3968253968253968,125.55145527312854,16513966
mcneije01,2024,1,NYN,NL,129,129,424,57,101,26,0,12,44,5,1,35,68,1,9,1,3,6,0,2B,0.3078556263269639,0.38443396226415094,116.07061025039398,38486154
meadcu01,2024,1,TBA,AL,38,38,122,10,29,3,0,1,7,2,0,6,30,0,2,0,1,2,0,2B,0.2824427480916031,0.28688524590163933,79.50996049472434,30515383
meadopa01,2024,1,DET,AL,82,82,270,39,66,12,6,9,28,9,4,25,76,0,1,1,1,0,0,OF,0.30976430976430974,0.43333333333333335,130.64417436083778,20774758
melenmj01,2024,1,KCA,AL,135,135,412,44,85,23,3,17,44,4,4,35,113,1,3,0,0,3,0,OF,0.2733333333333333,0.40048543689320387,108.67244390107476,2307882
mendida01,2024,1,CHA,AL,47,47,132,13,26,7,0,3,8,6,0,6,35,0,2,1,0,3,0,3B,0.24285714285714285,0.3181818181818182,74.69421666869378,16433047
menesjo01,2024,1,WAS,NL,76,76,281,19,65,11,0,3,42,2,0,21,63,1,5,0,6,9,0,1B,0.29073482428115016,0.302491103,86.82378192,8897700
merrija01,2024,1,SDN,NL,156,156,554,77,162,31,6,24,90,16,3,29,101,1,1,4,5,2,0,OF,0.32597623089983024,0.5,155.22986809935108,19372872
merriwh01,2024,2,ATL,NL,42,42,137,23,34,5,2,1,4,6,2,20,33,0,1,3,0,5,0,2B,0.34810126582278483,0.3357664233576642,116.17300936454478,24738040
merriwh01,2024,1,PHI,NL,53,53,156,21,31,4,1,3,11,11,1,15,19,0,2,1,0,2,0,2B,0.2774566473988439,0.2948717948717949,80.05406032592748,25292064
mervima01,2024,1,CHN,NL,9,9,26,1,3,1,0,0,3,0,0,1,8,0,0,0,0,0,0,1B,0.14814814814814814,0.15384615384615385,-4.884470332,17024623
meyerja02,2024,1,HOU,AL,148,148,461,51,101,20,3,13,61,11,3,35,117,0,10,3,4,17,0,OF,0.28627450980392155,0.3600867678958785,101.66408095166463,34864547
milladr01,2024,1,WAS,NL,20,20,57,7,14,1,0,1,1,4,0,5,16,0,0,0,0,1,0,C,0.3064516129032258,0.3157894736842105,96.05440030727803,15899294
milleow01,2024,1,MIL,NL,14,14,27,2,5,1,0,0,3,0,0,0,8,0,0,0,0,1,0,1B,0.18518518518518517,0.2222222222222222,27.405202444081333,787072
miranjo01,2024,1,MIN,AL,121,121,401,44,114,28,4,9,49,2,2,18,66,1,6,0,4,13,0,3B,0.32167832167832167,0.44139650872817954,137.0673802190904,26201458
misneka01,2024,1,TBA,AL,8,8,15,0,1,0,0,0,0,0,0,0,10,0,0,0,0,0,0,OF,0.066666667,0.066666667,-57.92750797,29616421
mitchga01,2024,1,MIL,NL,69,69,196,33,50,12,3,8,21,11,4,25,71,0,1,2,0,1,0,OF,0.34234234234234234,0.46938775510204084,152.19280471533088,15715861
monasan01,2024,1,MIL,NL,59,59,125,14,26,5,0,1,16,6,2,16,40,0,1,0,0,3,0,3B,0.3028169014084507,0.272,82.33640681915652,29165605
moncayo01,2024,1,CHA,AL,12,12,40,4,11,3,1,0,0,1,0,5,11,0,0,0,0,2,0,3B,0.35555555555555557,0.4,137.03122700090694,8440658
moniami01,2024,1,LAA,AL,124,124,392,48,86,17,2,14,49,8,4,21,114,0,4,0,1,3,0,OF,0.26555023923444976,0.38010204081632654,100.17580062078957,23295496
monteel01,2024,1,COL,NL,67,67,224,23,46,10,0,4,28,0,0,20,56,0,0,0,3,7,0,1B,0.26720647773279355,0.30357142857142855,78.97659418561749,29487634
mooredy01,2024,1,SEA,AL,135,135,368,53,74,23,4,10,42,32,6,53,123,1,14,1,5,8,0,SS,0.32045454545454544,0.36684782608695654,115.4338733,10966325
morelch01,2024,1,CHN,NL,103,103,362,43,72,7,1,18,51,7,5,47,103,2,8,0,4,11,0,3B,0.3016627078384798,0.3729281767955801,110.65080795586759,4906845
morelch01,2024,2,TBA,AL,49,49,173,13,33,4,2,3,9,1,2,14,56,1,2,0,1,4,0,3B,0.2578947368421053,0.28901734104046245,71.60860571897858,24828956
morenga01,2024,1,ARI,NL,97,97,305,39,81,18,1,5,45,3,1,41,52,1,2,0,3,10,0,C,0.35327635327635326,0.380327869,130.64450096317438,25573065
mountry01,2024,1,BAL,AL,124,124,473,54,128,30,2,13,63,3,0,27,114,0,1,0,6,13,0,1B,0.3076923076923077,0.4249471458773784,127.54015175885218,21941670
mullice01,2024,1,BAL,AL,147,147,444,69,104,16,3,18,54,32,6,41,98,0,5,2,2,1,0,OF,0.3048780487804878,0.40540540540540543,121.00508036287678,21986256
muncyma01,2024,1,LAN,NL,73,73,237,47,55,17,0,15,48,1,0,45,77,3,5,0,6,1,0,3B,0.3583617747440273,0.4936708860759494,164.65351803795878,6984438
murphse01,2024,1,ATL,NL,72,72,233,19,45,5,1,10,25,0,0,27,67,1,3,0,1,7,0,C,0.2840909090909091,0.35193133,98.58702927311668,909164
murphto04,2024,1,SFN,NL,13,13,34,3,4,1,0,1,2,0,0,4,14,0,0,0,0,0,0,C,0.21052631578947367,0.23529411764705882,39.90702904706973,1321134
myersda01,2024,1,MIA,NL,44,44,95,17,25,6,1,3,19,4,1,8,36,0,3,0,2,0,0,OF,0.3333333333333333,0.4421052631578947,141.3084618,18284830
narvaca01,2024,1,NYA,AL,6,6,13,0,3,0,0,0,0,0,0,2,6,0,0,0,0,0,0,C,0.3333333333333333,0.23076923076923078,81.18260750952606,38852356
narvaom01,2024,1,NYN,NL,28,28,65,4,10,2,0,0,5,0,0,3,12,0,0,1,0,2,0,C,0.19117647058823528,0.18461538461538463,18.782405699378568,7578867
naylobo01,2024,1,CLE,AL,123,123,354,39,71,10,2,13,39,6,3,29,122,1,2,2,2,3,0,C,0.26356589147286824,0.3502824858757062,91.00428816,18921668
naylojo01,2024,1,CLE,AL,152,152,563,84,137,27,0,31,108,6,2,58,105,7,7,0,4,17,0,1B,0.31962025316455694,0.4564831261101243,140.64628338321458,23474102
netoza01,2024,1,LAA,AL,155,155,542,70,135,34,1,23,77,30,10,39,140,1,16,4,1,14,0,SS,0.3177257525083612,0.44280442804428044,136.09804177139796,27839370
nevinty01,2024,1,OAK,AL,87,87,245,22,50,10,0,7,20,1,0,25,64,0,5,0,3,5,0,1B,0.28776978417266186,0.3306122448979592,93.79671202635214,13266768
newmake01,2024,1,ARI,NL,111,111,288,41,80,17,1,3,28,8,1,15,48,1,0,6,2,7,0,SS,0.3114754098360656,0.375,114.64117275443826,27080234
nidoto01,2024,2,CHN,NL,17,17,47,5,6,2,0,1,4,0,0,1,15,0,0,1,1,1,0,C,0.14285714285714285,0.23404255319148937,16.097914246713387,25747791
nidoto01,2024,1,NYN,NL,32,32,83,9,19,2,0,3,8,0,0,4,20,0,0,2,1,0,0,C,0.26136363636363635,0.3614457831325301,93.41702003,39242737
nimmobr01,2024,1,NYN,NL,151,151,571,88,128,25,3,23,90,15,0,77,158,1,12,0,3,7,0,OF,0.3273001508295626,0.39929947460595444,127.0390590072222,38800133
nodary01,2024,1,OAK,AL,36,36,95,8,13,4,0,1,4,0,0,14,37,0,1,1,0,0,0,1B,0.2545454545454545,0.21052631578947367,48.116822294206266,11418543
noeljh01,2024,1,CLE,AL,67,67,179,25,39,7,1,13,28,0,0,13,63,0,5,0,1,1,0,OF,0.2878787878787879,0.4860335195530726,138.05239742063912,22449618
nootbla01,2024,1,SLN,NL,109,109,348,39,85,18,3,12,45,7,3,52,79,2,1,1,3,10,0,OF,0.3415841584158416,0.4166666666666667,136.9306929077517,19399291
norbyco01,2024,1,BAL,AL,9,9,32,3,6,1,0,2,3,0,0,0,12,0,0,0,0,1,0,3B,0.1875,0.40625,80.56403834810477,22633048
norbyco01,2024,2,MIA,NL,36,36,146,29,36,8,0,7,17,3,3,15,52,0,0,0,1,1,0,3B,0.3148148148148148,0.4452054794520548,135.7722655558291,31047575
nunezna01,2024,1,WAS,NL,51,51,61,14,15,1,0,0,1,8,2,12,15,0,0,5,0,1,0,SS,0.3698630136986301,0.26229508196721313,102.81242057318613,26374873
ohearry01,2024,1,BAL,AL,142,142,443,60,117,21,3,15,59,3,1,46,69,2,2,0,3,7,0,1B,0.3340080971659919,0.42663656884875845,137.1414253793728,2964590
ohopplo01,2024,1,LAA,AL,136,136,479,64,117,17,1,20,56,2,3,33,155,0,8,1,1,7,0,C,0.30326295585412666,0.4091858037578288,121.52085209402195,38693422
ohtansh01,2024,1,LAN,NL,159,159,636,134,197,38,7,54,130,59,4,81,162,10,6,0,5,7,0,DH,0.3901098901098901,0.6462264150943396,219.05949267442838,29447573
olivaed02,2024,1,PIT,NL,55,55,174,22,39,4,0,5,23,1,0,16,37,0,2,0,4,3,0,OF,0.29081632653061223,0.3333333333333333,95.62675366193557,20137458
olsonma02,2024,1,ATL,NL,162,162,600,78,148,37,1,29,98,0,0,71,170,5,9,0,5,15,0,1B,0.33284671532846716,0.45666666666666667,145.28257906868953,18660042
oneilty01,2024,1,BOS,AL,113,113,411,74,99,18,0,31,61,4,0,53,159,5,7,0,2,13,0,OF,0.3361522198731501,0.5109489051094891,161.87170371960315,37348613
orneljo01,2024,1,TEX,AL,18,18,37,1,8,2,0,0,3,0,0,2,13,0,0,1,0,0,0,3B,0.2564102564102564,0.2702702702702703,65.76050038636365,5207716
ortegra01,2024,1,CHA,AL,14,14,14,4,1,0,0,0,1,2,0,2,4,0,0,0,1,1,0,OF,0.17647058823529413,0.071428571,-18.51646683,34622554
ortizjo06,2024,1,MIL,NL,142,142,440,58,105,25,6,11,60,11,6,56,103,0,6,3,6,10,0,3B,0.328740157,0.3977272727272727,127.09084497191472,22912975
outmaja01,2024,1,LAN,NL,53,53,136,12,20,4,0,4,11,2,1,16,55,0,4,0,0,0,0,OF,0.2564102564102564,0.2647058823529412,64.17741219552188,32101495
ozunama01,2024,1,ATL,NL,162,162,606,96,183,31,0,39,104,1,0,74,170,2,3,0,4,23,0,DH,0.3784570596797671,0.5462046204620462,186.5642532297482,37861828
pachecr01,2024,2,BAL,AL,3,3,1,0,1,0,0,0,0,0,0,0,0,0,0,0,0,0,0,OF,1,1,531.0873805100698,2345473
pachecr01,2024,3,MIA,NL,35,35,60,4,11,3,0,1,7,1,0,4,21,0,0,0,0,1,0,OF,0.234375,0.2833333333333333,61.839925100456796,8915402
pachecr01,2024,1,PHI,NL,50,50,104,9,21,5,1,0,9,0,0,13,43,0,0,0,1,1,0,OF,0.288135593,0.2692307692307692,76.46024696590304,12516100
pagesan01,2024,1,LAN,NL,116,116,403,65,100,23,1,13,46,1,2,29,108,0,6,0,4,8,0,OF,0.3054298642533937,0.40694789081885857,121.63517327247631,38779853
pagespe01,2024,1,SLN,NL,68,68,202,19,48,3,2,7,27,2,0,13,58,0,0,1,2,7,0,C,0.28110599078341014,0.37623762376237624,104.46773194755767,1246960
palacjo01,2024,1,PIT,NL,23,23,67,10,15,2,0,2,9,1,0,10,12,0,1,0,0,1,0,OF,0.3333333333333333,0.34328358208955223,113.19334139828045,8209291
palacri01,2024,1,TBA,AL,92,92,264,46,59,8,1,5,21,19,1,45,67,2,5,0,1,5,0,OF,0.346031746,0.3181818181818182,110.45286446165319,1863291
paredis01,2024,2,CHN,NL,52,52,179,23,40,6,0,3,25,1,0,24,37,0,5,0,4,4,0,3B,0.32547169811320753,0.30726256983240224,100.22051950940596,16195828
paredis01,2024,1,TBA,AL,101,101,363,41,89,19,1,16,55,0,1,52,68,2,12,0,2,13,0,3B,0.35664335664335667,0.43526170798898073,147.4403228299705,12447732
parisky01,2024,1,LAA,AL,21,21,51,4,6,2,0,1,5,1,0,7,17,0,0,0,0,1,0,2B,0.22413793103448276,0.21568627450980393,39.04609337125762,20138891
pasquvi01,2024,1,KCA,AL,131,131,496,64,130,30,2,19,97,1,0,40,71,1,4,1,13,12,0,1B,0.31464737793851716,0.44556451612903225,135.81638185812923,20420775
paulegr01,2024,1,SDN,NL,13,13,32,4,4,0,0,2,5,0,0,0,15,0,0,0,0,1,0,3B,0.125,0.3125,32.23034070873017,16830763
pederjo01,2024,1,ARI,NL,132,132,367,62,101,17,1,23,64,7,4,55,105,2,18,1,3,5,0,DH,0.3927765237020316,0.5149863760217984,182.6454459413976,14209792
pegueli01,2024,1,PIT,NL,3,3,10,0,2,1,0,0,2,0,0,0,3,0,0,0,0,0,0,SS,0.2,0.3,54.667832445998734,20985314
penaje02,2024,1,HOU,AL,157,157,602,78,160,28,2,15,70,20,6,25,111,1,14,3,6,15,0,SS,0.3075734157650695,0.39368770764119604,118.60552417156941,32405336
peralda01,2024,1,SDN,NL,91,91,236,35,63,11,0,8,28,2,0,22,54,0,2,0,0,3,0,OF,0.3346153846153846,0.4152542372881356,134.1135874923911,25075517
perazos02,2024,1,NYA,AL,4,4,10,2,2,0,0,1,1,0,0,1,3,0,0,0,0,0,0,3B,0.2727272727272727,0.5,136.77464092089352,35396960
perdoge01,2024,1,ARI,NL,98,98,337,61,92,21,2,3,37,9,1,36,58,0,3,7,5,5,0,SS,0.3438320209973753,0.37388724035608306,125.53886647423553,2351350
peredjh01,2024,1,MIA,NL,20,20,39,2,9,0,0,0,4,0,0,0,10,0,1,0,0,2,0,C,0.25,0.23076923076923078,52.30062275367422,39838216
perezsa02,2024,1,KCA,AL,158,158,590,58,160,28,0,27,104,0,0,44,129,9,11,0,6,17,0,C,0.3302611367127496,0.4559322033898305,144.17750194324336,35779360
perezwe01,2024,1,DET,AL,112,112,389,51,94,16,6,9,37,9,5,32,92,0,1,2,1,5,0,OF,0.30023640661938533,0.38303341902313626,113.03145245822446,28082688
perkibl01,2024,1,MIL,NL,121,121,383,54,92,13,2,6,43,23,5,42,108,1,3,0,6,3,0,OF,0.315668203,0.33159268929503916,103.74479235702343,39401807
peterja01,2024,1,ARI,NL,14,14,22,2,1,0,0,0,1,0,0,3,6,0,0,0,1,1,0,SS,0.15384615384615385,0.045454545454545456,-33.7474326,25287110
phamth01,2024,1,CHA,AL,70,70,271,33,72,14,1,5,19,6,3,25,63,0,1,0,0,2,0,OF,0.32996632996632996,0.3800738007380074,122.49334082447278,25382184
phamth01,2024,3,KCA,AL,23,23,101,9,23,3,1,2,8,1,0,3,27,0,0,0,0,1,0,OF,0.25,0.33663366336633666,82.41943107,8282886
phamth01,2024,2,SLN,NL,23,23,68,7,14,3,1,2,12,0,0,7,16,0,1,0,1,2,0,OF,0.2857142857142857,0.36764705882352944,103.62084605782256,21798347
pillake01,2024,2,LAA,AL,83,83,259,37,61,14,1,7,41,10,3,12,61,0,9,0,2,10,0,OF,0.2907801418439716,0.3783783783783784,108.42968846574395,24739800
pillake01,2024,1,CHA,AL,17,17,25,1,4,2,0,1,4,2,0,4,8,0,1,1,1,0,0,OF,0.2903225806451613,0.36,103.04239102002254,18804485
pintore02,2024,1,TBA,AL,19,19,42,5,9,3,0,2,6,0,0,4,18,0,1,1,1,0,0,C,0.2916666666666667,0.42857142857142855,123.01704526255901,10951684
polanjo01,2024,1,SEA,AL,118,118,417,43,89,11,0,16,45,4,2,46,137,3,4,0,2,16,0,2B,0.29637526652452023,0.354916067,103.6937569824464,4626182
profaju01,2024,1,SDN,NL,158,158,564,94,158,29,0,24,85,10,3,76,101,4,18,5,5,14,0,OF,0.38009049773755654,0.4592198581560284,162.38290158573446,34766409
rafaece01,2024,1,BOS,AL,152,152,544,70,134,23,5,15,75,19,10,15,151,1,7,2,3,8,0,OF,0.2741652021089631,0.3897058823529412,105.89393447763516,6622040
raleica01,2024,1,SEA,AL,153,153,546,73,120,16,0,34,100,6,1,70,176,4,6,0,6,7,0,C,0.31210191082802546,0.4358974358974359,132.18384537680024,23175983
raleylu01,2024,1,SEA,AL,137,137,404,58,98,19,2,22,58,11,2,27,135,0,20,2,2,2,0,OF,0.3200883002207506,0.4628712871287129,142.62595549213466,35248799
ramirha02,2024,1,TBA,AL,48,48,164,21,44,3,0,1,13,5,2,3,33,0,1,0,1,2,0,OF,0.28402366863905326,0.3048780487804878,85.17689850784748,13684350
ramirha02,2024,2,WAS,NL,25,25,74,7,18,4,1,1,16,1,0,2,17,0,1,0,0,0,0,OF,0.2727272727272727,0.36486486486486486,98.32821342902216,10276336
ramirjo01,2024,1,CLE,AL,158,158,620,114,173,39,2,39,118,41,7,54,82,12,1,0,6,9,0,3B,0.33480176211453744,0.5370967741935484,168.8428188456046,38810040
ramosbr01,2024,1,CHA,AL,32,32,99,13,20,4,0,3,11,0,2,7,22,0,0,0,1,3,0,3B,0.2523364485981308,0.3333333333333333,82.29025068769995,24855550
ramoshe02,2024,1,SFN,NL,121,121,475,54,128,23,3,22,72,6,1,37,135,2,2,0,4,12,0,OF,0.3223938223938224,0.4694736842105263,145.3034176642387,19929611
realmjt01,2024,1,PHI,NL,99,99,380,50,101,18,1,14,47,2,2,27,102,1,5,0,1,7,0,C,0.3220338983050847,0.42894736842105263,133.64879254451463,25486785
reetzja01,2024,1,SFN,NL,6,6,14,1,2,1,0,1,1,0,0,1,5,0,0,0,0,1,0,C,0.2,0.42857142857142855,91.24686203112198,38143877
refsnro01,2024,1,BOS,AL,93,93,272,32,77,16,1,11,40,2,2,28,78,2,5,0,1,6,0,OF,0.35947712418300654,0.47058823529411764,158.47298370281862,17996038
remilza01,2024,1,CHA,AL,15,15,33,3,8,1,1,0,1,1,0,5,10,0,0,1,0,1,0,2B,0.34210526315789475,0.3333333333333333,113.40266909169188,10141956
rendoan01,2024,1,LAA,AL,57,57,206,21,45,10,0,0,14,6,1,23,35,0,5,0,4,4,0,3B,0.3067226890756303,0.2669902912621359,82.26480962979534,5380697
renfrhu01,2024,1,KCA,AL,120,120,385,44,88,18,0,15,52,1,1,36,84,0,2,0,1,10,0,OF,0.2971698113207547,0.3922077922077922,114.57876201757706,24362644
rengilu01,2024,1,LAA,AL,78,78,283,41,85,13,1,6,30,24,7,16,44,0,4,1,0,6,0,3B,0.3465346534653465,0.4169611307420495,138.73023045714774,15325655
reyespa01,2024,1,BOS,AL,21,21,60,4,11,2,0,0,5,1,2,3,19,0,1,0,0,1,0,3B,0.234375,0.21666666666666667,42.873020871133626,22869882
reyespa01,2024,2,NYN,NL,1,1,0,1,0,0,0,0,0,0,0,0,0,0,0,0,0,0,0,3B,,,,26889682
reynobr01,2024,1,PIT,NL,156,156,622,73,171,29,3,24,88,10,2,57,156,3,10,0,3,7,0,OF,0.3439306358381503,0.44694533762057875,146.3583337920551,20810209
ricebe01,2024,1,NYA,AL,50,50,152,20,26,6,0,7,23,0,1,20,48,0,1,0,5,2,0,1B,0.2640449438202247,0.34868421052631576,90.71560492,28538896
rileyau01,2024,1,ATL,NL,110,110,425,63,109,26,2,19,56,0,0,37,118,0,5,0,2,6,0,3B,0.32196162046908317,0.4611764705882353,142.79303662925403,15936410
riosed01,2024,1,CIN,NL,5,5,9,1,1,0,0,0,0,0,0,1,4,0,0,0,0,0,0,1B,0.2,0.1111111111111111,0.9282704629163696,19392308
rivasle01,2024,1,SEA,AL,43,43,73,10,17,1,1,0,8,3,0,10,24,0,1,2,0,1,0,SS,0.3333333333333333,0.273972603,93.47412078774917,33557693
riverem01,2024,2,BAL,AL,27,27,64,9,20,3,1,4,14,0,0,6,18,0,1,0,2,2,0,3B,0.3698630136986301,0.578125,192.66715769442902,26219320
riverem01,2024,1,MIA,NL,97,96,201,15,43,6,1,1,15,2,0,20,51,0,4,1,3,5,0,3B,0.29385964912280704,0.26865671641791045,78.28079203884273,14831135
rizzoan01,2024,1,NYA,AL,92,92,337,38,77,12,0,8,35,0,0,27,65,0,9,0,2,7,0,1B,0.30133333333333334,0.3353115727002967,99.83459417301424,16615608
roberlu01,2024,1,CHA,AL,100,100,393,47,88,19,0,14,35,23,6,28,141,2,2,0,1,8,0,OF,0.2783018867924528,0.3791348600508906,104.32014893111945,29244502
robinch03,2024,1,CHA,AL,26,26,70,2,9,0,0,0,0,0,0,5,20,0,1,0,0,1,0,C,0.19736842105263158,0.12857142857142856,4.9837303226671015,38884034
roblevi01,2024,2,SEA,AL,77,77,229,41,75,20,0,4,26,30,1,16,44,0,10,5,2,2,0,OF,0.39299610894941633,0.4672489082969432,169.14007095729255,39097725
roblevi01,2024,1,WAS,NL,14,14,25,3,3,0,0,0,2,4,1,5,9,0,1,1,1,0,0,OF,0.28125,0.12,31.617126163781673,29965772
rocchbr01,2024,1,CLE,AL,143,143,383,50,79,18,0,8,36,10,6,44,90,1,8,2,5,11,0,SS,0.29772727272727273,0.31592689295039167,93.06978145859092,36764428
rodgebr02,2024,1,COL,NL,135,135,501,67,134,29,1,13,54,1,0,31,132,1,4,1,2,12,0,2B,0.3141263940520446,0.40718562874251496,124.71688705180269,3260171
rodrijo08,2024,1,CLE,AL,13,13,31,6,4,1,0,0,5,0,0,9,14,0,0,0,0,1,0,OF,0.325,0.16129032258064516,58.52741207037826,1514511
rodriju01,2024,1,SEA,AL,143,143,567,76,155,17,0,20,68,24,5,38,156,1,6,0,2,10,0,OF,0.32463295269168024,0.4091710758377425,128.92315702301323,23251503
rogerja03,2024,1,DET,AL,102,102,310,43,61,16,1,10,36,1,0,22,99,1,3,0,2,6,0,C,0.2551928783382789,0.35161290322580646,88.48084578278974,8893006
rojasjo01,2024,1,SEA,AL,143,142,422,48,95,19,2,8,31,10,4,46,108,1,3,1,2,6,0,3B,0.3044397463002114,0.33649289099526064,101.24731590094518,10125534
rojasjo03,2024,1,PHI,NL,120,120,338,47,82,12,3,3,32,25,4,13,69,0,4,8,0,7,0,OF,0.27887323943661974,0.3224852071005917,88.40114237943726,14282589
rojasmi02,2024,1,LAN,NL,103,103,307,41,87,21,0,6,36,8,2,23,34,0,3,2,2,8,0,SS,0.3373134328358209,0.41042345276872966,133.67431193328838,32995019
rollech01,2024,1,MIL,NL,1,1,1,0,0,0,0,0,0,0,0,0,1,0,0,0,0,0,0,OF,0,0,-100,23862367
romodr01,2024,1,COL,NL,16,16,51,4,9,3,0,0,6,0,1,2,18,0,0,0,0,2,0,C,0.20754716981132076,0.23529411764705882,38.87450526,4570377
rookebr01,2024,1,OAK,AL,145,145,546,82,160,26,2,39,112,11,3,59,177,4,5,0,4,5,0,OF,0.36482084690553745,0.5622710622710623,186.40912250253797,33683333
rortvbe01,2024,1,TBA,AL,112,112,290,27,66,13,0,3,31,1,0,34,88,0,4,0,0,6,0,C,0.3170731707317073,0.30344827586206896,96.22454560518987,10926709
rosaram01,2024,3,CIN,NL,22,22,57,6,9,0,0,1,4,3,0,1,23,0,1,0,0,1,0,2B,0.1864406779661017,0.21052631578947367,24.51280886661951,938353
rosaram01,2024,2,LAN,NL,5,5,11,1,3,1,0,0,2,1,1,1,2,0,0,0,0,0,0,2B,0.3333333333333333,0.36363636363636365,118.98378027426108,18449127
rosaram01,2024,1,TBA,AL,76,76,264,22,81,17,3,2,26,9,4,7,48,0,3,0,1,9,0,2B,0.33090909090909093,0.4166666666666667,133.2308872637797,23698126
rosared01,2024,2,ATL,NL,24,24,78,7,12,1,0,3,9,1,0,3,23,0,0,1,2,0,0,OF,0.18072289156626506,0.28205128205128205,42.880224407371294,6347743
rosared01,2024,1,WAS,NL,67,67,219,26,40,11,0,7,26,8,1,13,54,0,0,1,2,4,0,OF,0.2264957264957265,0.3287671232876712,72.03517155619213,37292953
rosareg01,2024,1,SDN,NL,30,30,53,5,13,6,0,3,6,0,0,2,20,0,1,1,0,1,0,3B,0.2857142857142857,0.5283018867924528,149.3277171,32843009
ruizes01,2024,1,OAK,AL,29,29,55,10,11,2,1,2,8,5,4,4,20,0,2,2,2,1,0,OF,0.2698412698412698,0.38181818181818183,102.15125061805948,26100630
ruizke01,2024,1,WAS,NL,127,127,459,46,105,21,0,13,57,3,1,16,54,0,5,0,5,13,0,C,0.2597938144329897,0.35947712418300654,92.31285466259251,35579114
rutscad01,2024,1,BAL,AL,148,148,571,68,143,21,1,19,79,1,0,58,103,3,2,0,7,9,0,C,0.3181818181818182,0.3905429071803853,121.38751783677523,33256900
sabolbl01,2024,1,SFN,NL,11,11,32,3,10,2,0,0,1,0,0,5,9,1,1,0,0,0,0,C,0.42105263157894735,0.375,152.61886453003638,6419040
saggeth01,2024,1,SLN,NL,18,18,49,5,10,2,0,1,4,0,0,2,14,0,1,0,0,0,0,2B,0.25,0.30612244897959184,73.73888185118236,9347828
salazce01,2024,1,HOU,AL,12,12,25,5,8,2,0,0,8,0,0,2,6,0,2,1,2,0,0,C,0.3870967741935484,0.4,147.9629029515089,34984083
sanchal04,2024,1,MIA,NL,31,31,84,5,14,2,0,0,4,2,1,4,24,0,1,6,1,2,0,C,0.2111111111111111,0.19047619047619047,27.358849655748017,38803734
sanchga02,2024,1,MIL,NL,89,89,245,30,54,7,1,11,37,0,0,27,76,0,5,0,3,9,0,C,0.30714285714285716,0.39183673469387753,117.9296911214677,32645973
sanchje02,2024,1,MIA,NL,149,149,489,60,123,25,1,18,64,16,2,41,140,2,4,1,2,12,0,OF,0.31343283582089554,0.4171779141104294,127.31935178677007,3058918
sanojja01,2024,1,MIA,NL,15,15,35,3,8,2,0,0,2,0,0,1,4,0,0,0,0,2,0,OF,0.25,0.2857142857142857,67.93268667894057,31182523
sanomi01,2024,1,LAA,AL,28,28,83,9,17,3,0,2,6,0,0,9,36,0,2,0,1,2,0,3B,0.29473684210526313,0.3132530120481928,91.27261795404182,23379393
santaan02,2024,1,BAL,AL,155,155,595,91,140,25,2,44,102,2,0,58,129,3,7,0,5,9,0,OF,0.3082706766917293,0.5058823529411764,150.7669599117393,17948609
santaca01,2024,1,MIN,AL,150,150,521,63,124,26,0,23,71,4,0,65,99,3,6,0,2,11,0,1B,0.3282828282828283,0.42034548944337813,133.3673053273788,20019335
schanno01,2024,1,LAA,AL,147,147,519,62,130,19,0,13,54,10,1,68,103,0,9,3,7,14,0,1B,0.34328358208955223,0.3622350674373796,122.03370170694399,5849976
schmica01,2024,1,SFN,NL,40,40,107,11,27,4,1,6,16,0,0,4,25,0,1,0,1,2,0,2B,0.2831858407079646,0.4766355140186916,133.7521318131075,24514702
schneda03,2024,1,TOR,AL,135,135,397,48,76,19,1,13,46,6,0,47,144,0,5,0,5,2,0,OF,0.28193832599118945,0.3425692695214106,95.17743910424197,13417542
schneda04,2024,1,CLE,AL,73,73,193,17,42,10,2,5,22,3,2,25,70,0,0,0,3,1,0,OF,0.3031674208144796,0.36787564766839376,109.73485458161653,2545520
schuema01,2024,1,OAK,AL,133,133,396,55,87,14,0,7,34,14,1,47,119,0,7,5,4,8,0,SS,0.31057268722466963,0.30808080808080807,95.28955514249992,6926592
schunaa01,2024,1,COL,NL,39,39,94,14,22,3,0,2,7,0,1,4,31,1,0,0,0,0,0,2B,0.2653061224489796,0.32978723404255317,85.77645187254453,6433302
schwaky01,2024,1,PHI,NL,150,150,573,110,142,22,0,38,104,5,3,106,197,4,5,0,8,6,0,OF,0.36560693641618497,0.4851657940663176,164.74484484146203,6434054
scottvi01,2024,1,SLN,NL,53,53,145,14,26,9,0,2,10,5,1,6,42,0,2,0,2,0,0,OF,0.21935483870967742,0.2827586206896552,56.47067247236603,27917399
seageco01,2024,1,TEX,AL,123,123,475,68,132,21,0,30,74,1,1,53,96,11,3,0,2,8,0,SS,0.3527204502814259,0.511578947,167.79323352438612,16514456
semiema01,2024,1,TEX,AL,159,159,650,101,154,27,2,23,74,8,3,64,105,2,3,0,1,9,0,2B,0.30779944289693595,0.39076923076923076,117.85354444780225,32456406
senzeni01,2024,2,CHA,AL,10,10,30,0,3,1,0,0,0,0,0,1,8,0,0,1,0,0,0,3B,0.12903225806451613,0.13333333333333333,-17.34569902,9784534
senzeni01,2024,1,WAS,NL,64,64,206,25,43,10,0,7,18,1,3,27,53,1,1,0,0,6,0,3B,0.3034188034188034,0.3592233009708738,107.36035625660669,2398862
servebr01,2024,1,TOR,AL,28,28,63,6,10,4,0,0,3,0,0,5,22,0,2,1,0,0,0,C,0.24285714285714285,0.2222222222222222,47.39336967194072,38742271
sheetga01,2024,1,CHA,AL,139,139,451,35,105,24,1,10,45,2,2,43,106,2,4,0,3,6,0,OF,0.3033932135728543,0.35698447893569846,106.71453438320442,9296149
shentau01,2024,1,TBA,AL,19,19,42,3,9,5,0,1,3,0,0,8,14,0,0,0,0,1,0,1B,0.34,0.40476190476190477,132.99470205333765,16421737
shewmbr01,2024,1,CHA,AL,29,29,64,4,8,2,0,1,4,5,1,1,10,0,0,0,2,0,0,SS,0.13432835820895522,0.203125,4.3458214525548655,34288980
shortza01,2024,3,ATL,NL,30,30,54,9,8,3,0,0,5,2,0,12,16,0,1,2,0,0,0,3B,0.31343283582089554,0.2037037037037037,66.58517822,8547674
shortza01,2024,2,BOS,AL,2,2,7,0,0,0,0,0,0,0,0,0,4,0,0,0,0,0,0,3B,0,0,-100,24930284
shortza01,2024,1,NYN,NL,10,10,9,2,1,0,0,0,0,0,1,2,4,0,0,1,0,0,0,3B,0.2727272727272727,0.1111111111111111,26.13436625,20759829
sianimi01,2024,1,SLN,NL,124,124,298,42,68,7,2,2,20,20,3,21,92,0,3,11,1,2,0,OF,0.2848297213622291,0.28523489932885904,79.86771732123574,29733261
singljo02,2024,1,HOU,AL,119,119,355,46,83,13,1,13,42,0,0,47,111,0,0,0,3,2,0,1B,0.32098765432098764,0.38591549295774646,121.04345940010921,15179889
sirijo01,2024,1,TBA,AL,130,130,402,50,75,16,1,18,47,14,7,31,170,0,7,2,4,5,0,OF,0.2545045045045045,0.3656716417910448,92.24202777118846,31150034
slateau01,2024,3,BAL,AL,33,33,69,10,17,3,0,1,6,1,1,8,23,0,2,0,0,2,0,OF,0.34177215189873417,0.3333333333333333,113.28721811998292,15768947
slateau01,2024,2,CIN,NL,8,8,18,2,2,0,0,0,3,0,0,2,6,0,0,0,1,0,0,OF,0.19047619047619047,0.1111111111111111,-2.372527795,2401775
slateau01,2024,1,SFN,NL,43,43,90,12,18,1,0,1,9,2,1,16,31,0,3,0,3,3,0,OF,0.33035714285714285,0.24444444444444444,84.04175507535953,21127015
smithdo02,2024,1,BOS,AL,84,84,249,29,59,20,0,6,34,1,1,25,65,0,4,0,0,7,0,1B,0.31654676258992803,0.3895582329317269,120.54069069604516,9862937
smithdo02,2024,2,CIN,NL,9,9,26,4,5,2,0,0,0,0,0,3,11,0,0,0,0,0,0,1B,0.27586206896551724,0.2692307692307692,72.20644208076297,4154222
smithjo09,2024,1,TEX,AL,149,149,523,67,135,30,1,13,62,11,2,46,121,1,18,2,3,6,0,3B,0.33728813559322035,0.3938814531548757,128.95928648182453,26474298
smithke05,2024,1,NYA,AL,2,2,0,0,0,0,0,0,0,0,0,0,0,0,0,0,0,0,0,DH,,,,9158195
smithpa04,2024,1,ARI,NL,60,60,137,26,37,11,0,9,36,1,0,18,31,0,0,0,3,4,0,OF,0.34810126582278483,0.5474452554744526,176.39639140655632,37759118
smithwi05,2024,1,LAN,NL,128,128,476,77,118,24,2,20,75,1,1,51,105,6,9,0,8,8,0,C,0.3272058823529412,0.4327731092436975,136.52975541448677,7709090
soderty01,2024,1,OAK,AL,61,61,189,18,44,10,0,9,26,0,0,20,53,1,3,0,1,7,0,1B,0.3145539906103286,0.42857142857142855,130.94942135747604,9647968
sogarni01,2024,1,BOS,AL,31,31,77,13,21,4,0,0,8,3,0,7,25,0,0,0,2,4,0,2B,0.32558139534883723,0.3246753246753247,105.21252959816843,15224229
solando01,2024,1,SDN,NL,96,96,283,31,81,13,0,8,35,2,1,22,65,0,3,0,1,6,0,3B,0.343042071,0.4169611307420495,137.51975796329486,23059620
solerjo01,2024,2,ATL,NL,49,49,152,27,37,11,0,9,24,0,0,24,44,0,3,0,1,0,0,OF,0.35555555555555557,0.4934210526315789,163.60984937489266,22161673
solerjo01,2024,1,SFN,NL,93,93,341,57,82,23,1,12,40,1,0,44,97,0,3,0,3,9,0,OF,0.329923274,0.41935483870967744,133.65401348309248,6426528
sosaed01,2024,1,PHI,NL,90,90,249,39,64,12,4,7,31,7,1,13,66,0,8,1,2,5,0,SS,0.3125,0.42168674698795183,128.27882500787416,5864209
sosale01,2024,1,CHA,AL,100,100,351,28,89,13,0,8,35,3,1,12,77,1,3,2,1,5,0,3B,0.28337874659400547,0.358974359,100.34397198286582,26523999
sotoju01,2024,1,NYA,AL,157,157,576,128,166,31,4,41,109,7,4,129,119,2,4,0,4,10,0,OF,0.41935483870967744,0.5694444444444444,207.35057433233615,34522957
sotoli01,2024,2,BAL,AL,12,12,10,1,3,1,0,0,0,0,0,3,2,0,0,0,0,0,0,2B,0.46153846153846156,0.4,173.76318710065695,20368807
sotoli01,2024,1,CIN,NL,1,1,3,0,0,0,0,0,0,0,0,0,1,0,0,0,0,0,0,2B,0,0,-100,31194853
springe01,2024,1,TOR,AL,145,145,545,74,120,19,3,19,56,16,1,60,115,0,6,0,2,16,0,OF,0.3034257748776509,0.3706422018348624,110.61149043779572,22751491
stallja01,2024,1,COL,NL,82,82,243,31,64,17,1,9,36,0,0,27,65,1,9,1,1,10,0,C,0.35714285714285715,0.45267489711934156,152.56755597815558,21977270
stantmi03,2024,1,NYA,AL,114,114,417,49,97,20,0,27,72,0,0,38,143,2,2,0,2,17,0,DH,0.2984749455337691,0.4748201438848921,138.5346088511933,7264194
steersp01,2024,1,CIN,NL,158,158,574,74,129,34,4,20,92,25,3,72,137,1,8,0,2,5,0,OF,0.31859756097560976,0.4024390243902439,124.91609529846981,2333513
stefami01,2024,1,LAA,AL,40,40,110,8,24,4,0,0,8,0,0,10,20,0,3,1,0,5,0,2B,0.3008130081300813,0.2545454545454545,76.67600946,15362981
stephty01,2024,1,CIN,NL,138,138,457,69,118,26,1,19,66,1,0,48,117,2,8,0,2,9,0,C,0.3378640776699029,0.4442013129102845,143.4750780973797,35268017
steveca01,2024,1,PHI,NL,18,18,24,2,6,3,0,0,6,0,0,3,4,0,0,0,0,1,0,OF,0.3333333333333333,0.375,122.2167753133502,8081747
stewadj01,2024,1,NYN,NL,74,74,158,16,28,4,0,5,19,1,0,31,48,0,4,0,1,5,0,OF,0.3247422680412371,0.2974683544303797,97.18122166780378,20515183
storytr01,2024,1,BOS,AL,26,26,94,8,24,7,0,2,10,6,3,11,33,2,1,0,0,2,0,SS,0.33962264150943394,0.39361702127659576,129.69315664158108,34920953
stottbr01,2024,1,PHI,NL,148,148,506,65,124,19,2,11,57,32,3,53,93,1,3,0,9,9,0,2B,0.31523642732049034,0.3557312252964427,110.46264548397642,36617213
stoweky01,2024,1,BAL,AL,19,19,36,3,11,4,0,1,9,0,1,0,13,0,0,0,1,0,0,OF,0.2972972972972973,0.5,145.29021382188176,1869957
stoweky01,2024,2,MIA,NL,50,50,156,12,29,7,2,2,15,0,0,13,61,0,3,0,0,2,0,OF,0.2616279069767442,0.2948717948717949,74.56807505102243,29074537
strawmy01,2024,1,CLE,AL,7,7,4,2,1,0,0,0,0,2,0,0,0,0,0,0,0,0,0,OF,0.25,0.25,57.77184512751745,34433457
stubbga01,2024,1,PHI,NL,56,54,164,18,34,4,1,1,11,5,0,17,50,0,4,0,1,0,0,C,0.2956989247311828,0.2621951219512195,77.07990854856102,34907275
suareeu01,2024,1,ARI,NL,158,158,571,90,146,28,2,30,101,2,1,49,176,0,9,0,11,10,0,3B,0.31875,0.46935201401050786,144.0059121847921,38623772
sullibr01,2024,1,SDN,NL,7,7,16,1,3,0,0,1,2,0,0,1,4,0,0,0,0,0,0,C,0.23529411764705882,0.375,88.23796971823042,17908843
suwinja01,2024,1,PIT,NL,88,88,247,29,45,8,0,9,26,9,1,27,79,2,1,1,1,3,0,OF,0.2644927536231884,0.32388663967611336,83.81581127655066,2276108
suzukse01,2024,1,CHN,NL,132,132,512,74,145,27,6,21,73,16,6,63,160,3,6,0,4,6,0,OF,0.3658119658119658,0.482421875,164.03524995990546,29955271
swansda01,2024,1,CHN,NL,149,149,534,82,129,27,2,16,66,19,3,54,144,2,2,0,3,7,0,SS,0.31197301854974707,0.3895131086142322,118.94266699917205,22059785
sweentr01,2024,1,DET,AL,36,36,110,11,24,5,0,4,17,2,0,7,32,0,1,0,1,3,0,SS,0.2689075630252101,0.37272727272727274,99.24124691445367,30971529
tatisfe02,2024,1,SDN,NL,102,102,398,64,110,21,1,21,49,11,3,32,96,0,7,0,1,8,0,OF,0.3401826484018265,0.49246231155778897,158.00908328217776,16754369
tauchmi01,2024,1,CHN,NL,109,109,298,50,74,12,1,7,29,6,2,47,70,0,4,0,1,7,0,OF,0.35714285714285715,0.36577181208053694,127.84331861069953,35572076
taverle01,2024,1,TEX,AL,151,151,480,59,110,17,3,12,44,23,6,42,112,0,0,3,4,8,0,OF,0.2889733840304182,0.35208333333333336,100.32246143007453,4104789
tayloch03,2024,1,LAN,NL,87,87,213,28,43,7,1,4,23,5,1,28,76,0,2,1,2,5,0,OF,0.2979591836734694,0.3004694835680751,88.75246998872655,7676526
taylomi02,2024,1,PIT,NL,113,113,269,35,52,9,1,5,21,12,1,23,105,0,0,4,4,3,0,OF,0.2533783783783784,0.2899628252788104,70.31230259834891,34657313
taylosa03,2024,1,SEA,AL,3,3,5,2,2,0,0,0,0,0,0,0,1,0,0,0,0,0,0,OF,0.4,0.4,152.43495220402795,3906784
tayloty01,2024,1,NYN,NL,130,130,319,47,79,22,3,7,35,11,2,19,80,1,5,1,1,4,0,OF,0.29941860465116277,0.4012539184952978,117.93181255795417,17139164
tellero01,2024,1,PIT,NL,132,131,383,38,93,18,0,13,56,1,0,31,89,0,2,0,5,12,0,1B,0.2992874109263658,0.391644909,115.15254538430293,32939585
tenajo01,2024,1,CLE,AL,3,3,4,0,0,0,0,0,0,0,0,0,2,0,0,0,0,0,0,3B,0,0,-100,16962273
tenajo01,2024,2,WAS,NL,41,41,157,14,43,5,0,3,15,6,1,7,39,0,0,0,0,1,0,3B,0.3048780487804878,0.3630573248407643,108.95690053739861,12610593
teodobr01,2024,1,LAA,AL,5,5,12,1,1,0,0,0,0,0,0,0,5,0,0,0,0,0,0,OF,0.083333333,0.083333333,-47.40938496,5815315
thaisma01,2024,1,LAA,AL,57,57,157,14,32,9,0,2,16,3,0,28,58,0,0,0,1,2,0,C,0.3225806451612903,0.29936305732484075,96.97108788413944,17089213
thomaal01,2024,1,ARI,NL,39,39,95,13,18,5,1,3,17,4,1,7,17,0,0,1,0,7,0,OF,0.24509803921568626,0.35789473684210527,86.76934195574502,27511954
thomala02,2024,2,CLE,AL,53,53,172,23,36,10,0,7,23,4,2,12,65,1,2,0,1,1,0,OF,0.26737967914438504,0.38953488372093026,103.4935323076036,13036169
thomala02,2024,1,WAS,NL,77,77,300,42,76,16,3,8,40,28,12,32,72,0,5,0,4,4,0,OF,0.3313782991202346,0.4066666666666667,130.54847160220012,15828110
thompbu01,2024,1,CIN,NL,17,17,18,5,2,1,0,0,0,5,0,0,11,0,0,0,0,1,0,OF,0.1111111111111111,0.16666666666666666,-14.07342642,38082007
toglimi01,2024,1,COL,NL,116,116,399,62,87,14,3,25,55,10,1,54,147,2,1,0,3,7,0,1B,0.31072210065645517,0.45614035087719296,137.46480694685584,1084522
torkesp01,2024,1,DET,AL,92,92,342,45,75,21,1,10,37,0,0,33,105,0,4,0,1,6,0,1B,0.29473684210526313,0.3742690058479532,108.63188561689734,25808454
toroab01,2024,1,OAK,AL,94,94,337,34,81,17,1,6,26,4,2,20,62,1,5,2,0,4,0,3B,0.29281768,0.35014836795252224,101.10432750200013,14811115
torregl01,2024,1,NYA,AL,154,154,587,80,151,26,0,15,63,4,3,65,136,0,3,2,8,6,0,2B,0.33031674208144796,0.3781942078364566,122.08003711457059,20414299
torrelu01,2024,1,NYN,NL,48,47,118,14,27,8,0,3,15,0,1,9,28,0,2,0,1,5,0,C,0.2923076923076923,0.3728813559322034,107.39519026198208,39764740
tovarez01,2024,1,COL,NL,157,157,655,83,176,45,4,26,78,6,5,23,200,1,4,5,7,16,0,SS,0.2946298984034833,0.4687022900763359,135.4614265308257,2942533
trammta01,2024,1,LAN,NL,5,5,6,0,0,0,0,0,0,0,0,0,3,0,0,0,0,0,0,OF,0,0,-100,22530393
trammta01,2024,2,NYA,AL,5,5,1,2,1,0,0,0,0,0,0,1,0,0,0,0,0,0,0,OF,1,1,531.0873805100698,12094551
trejoal01,2024,1,COL,NL,28,28,63,4,9,0,0,0,1,0,0,2,15,0,1,1,0,2,0,2B,0.18181818181818182,0.14285714285714285,3.6586056730056216,36483821
trevijo01,2024,1,NYA,AL,74,73,209,26,45,5,0,8,28,1,0,20,41,0,2,1,2,12,0,C,0.2875536480686695,0.35406698564593303,100.3947600727801,20114453
triolja01,2024,1,PIT,NL,125,125,394,41,85,10,1,9,46,8,1,42,118,0,5,0,5,5,0,3B,0.29596412556053814,0.3147208121827411,92.11556890729464,12936617
trompch01,2024,1,ATL,NL,19,19,52,3,13,6,0,0,6,0,0,1,17,0,0,0,1,2,0,C,0.25925925925925924,0.36538461538461536,93.80828878789367,26901934
troutmi01,2024,1,LAA,AL,29,29,109,17,24,1,2,10,14,6,1,16,27,1,1,0,0,0,0,OF,0.3253968253968254,0.5412844036697247,166.7746155,13546546
tuckeco01,2024,1,LAA,AL,25,24,50,3,9,4,1,0,3,3,1,6,17,0,0,0,1,0,0,3B,0.2631578947368421,0.3,76.55733668201275,22446430
tuckeky01,2024,1,HOU,AL,78,78,277,56,80,13,0,23,49,11,0,56,54,3,1,0,2,5,0,OF,0.40773809523809523,0.5848375451263538,207.70379103442113,21190093
turanbr02,2024,1,MIL,NL,155,155,559,72,142,24,4,7,57,50,6,50,105,1,2,5,3,8,0,2B,0.31596091205211724,0.3488372093023256,108.7523680509351,14082784
turneju01,2024,2,SEA,AL,48,48,159,22,42,7,0,5,24,0,0,20,35,2,7,0,4,1,0,1B,0.3631578947368421,0.4025157232704403,140.38180696808854,25580676
turneju01,2024,1,TOR,AL,91,91,301,37,77,17,0,6,31,0,2,39,60,0,6,0,3,15,0,1B,0.3495702005730659,0.37209302325581395,127.01716549600147,10428954
turnetr01,2024,1,PHI,NL,121,121,505,88,149,25,0,21,62,19,4,27,98,0,6,0,1,10,0,SS,0.33766233766233766,0.4693069306930693,150.54779599706302,29865248
uriaslu01,2024,1,SEA,AL,41,41,94,11,18,7,0,4,16,0,0,9,34,0,6,0,0,2,0,3B,0.30275229357798167,0.39361702127659576,116.91449071879121,10922351
uriasra01,2024,1,BAL,AL,100,100,272,39,69,9,2,11,37,1,1,23,55,0,5,0,1,0,0,3B,0.3222591362126246,0.4227941176470588,131.9762345863185,31937165
urshegi01,2024,2,ATL,NL,36,36,132,9,35,9,0,4,15,0,0,4,23,0,0,0,0,1,0,3B,0.2867647058823529,0.42424242424242425,120.08648782505476,3144153
urshegi01,2024,1,DET,AL,92,92,300,25,73,10,1,5,37,0,0,19,49,1,1,0,5,12,0,3B,0.28615384615384615,0.3333333333333333,94.01081341594097,24007829
valdeen01,2024,1,BOS,AL,76,76,201,23,43,12,0,6,28,1,1,17,53,0,0,1,4,4,0,2B,0.2702702702702703,0.36318407960199006,96.99846674225829,34932220
vargail01,2024,1,WAS,NL,97,95,272,21,67,16,0,1,30,9,4,19,31,0,2,5,5,9,0,3B,0.2953020134228188,0.3161764705882353,92.30023155878963,39781191
vargami01,2024,2,CHA,AL,42,42,135,11,14,3,0,2,7,2,1,17,41,0,3,0,2,3,0,3B,0.21656050955414013,0.17037037037037037,23.52734550288318,2163054
vargami01,2024,1,LAN,NL,30,30,71,11,17,4,0,3,9,1,0,8,16,0,0,0,1,1,0,3B,0.3125,0.4225352112676056,128.5202161188871,21003240
varshda01,2024,1,TOR,AL,136,136,459,73,98,21,7,18,58,10,2,48,137,1,4,1,1,2,0,OF,0.29296875,0.4074074074074074,117.4470868364888,4237015
vaughan01,2024,1,CHA,AL,149,149,570,55,140,30,1,19,70,2,0,38,132,0,6,0,5,13,0,1B,0.2972536348949919,0.4017543859649123,117.32385385450996,36341745
vazquch01,2024,1,MIN,AL,93,93,294,29,65,10,0,7,27,3,1,11,65,0,1,5,4,11,0,C,0.24838709677419354,0.32653061224489793,78.98607086685927,21164582
vazqulu01,2024,1,CHN,NL,11,11,12,2,1,0,0,0,1,0,0,0,6,0,1,0,1,1,0,SS,0.14285714285714285,0.083333333,-26.77939585,34342519
velazne01,2024,1,KCA,AL,64,64,205,31,41,8,1,8,27,2,0,19,61,0,3,0,3,6,0,OF,0.27391304347826084,0.36585365853658536,99.02049770518113,2838011
verdual01,2024,1,NYA,AL,149,149,559,74,130,28,1,13,61,2,1,49,93,0,1,2,10,14,0,OF,0.29079159935379645,0.3559928443649374,102.06489525690526,11923395
vientma01,2024,1,NYN,NL,111,111,413,58,110,22,0,27,71,0,0,33,135,0,3,0,5,6,0,3B,0.32158590308370044,0.5157384987893463,158.18591051541003,23956395
vierlma01,2024,1,DET,AL,144,144,518,80,133,28,5,16,57,6,1,41,121,1,3,0,5,9,0,OF,0.31216931216931215,0.42277992277992277,128.4752263655376,2912005
viladry01,2024,1,DET,AL,17,17,45,5,8,0,0,1,5,0,0,2,12,0,0,1,1,2,0,OF,0.20833333333333334,0.24444444444444444,41.75027739714792,33807621
villada01,2024,1,SFN,NL,11,11,35,3,9,4,0,1,4,0,0,1,13,0,0,0,1,0,0,1B,0.2702702702702703,0.45714285714285713,123.73007376908691,39671566
vogelda01,2024,1,TOR,AL,31,31,70,5,13,5,0,1,8,0,0,9,17,0,0,0,0,4,0,DH,0.27848101265822783,0.3,81.86808138062374,5030018
volpean01,2024,1,NYA,AL,160,160,637,90,155,27,7,12,60,28,7,42,156,1,4,2,3,9,0,SS,0.29300291545189505,0.3642072213500785,105.16832115464405,12862264
vosleja01,2024,1,SEA,AL,10,10,28,2,5,1,1,0,3,0,0,2,9,0,0,0,0,0,0,1B,0.23333333333333334,0.2857142857142857,62.15628972777019,10269275
wadela01,2024,1,SFN,NL,117,117,331,45,86,16,0,8,34,2,1,62,90,5,4,1,3,2,0,1B,0.38,0.3806646525679758,140.00230061786505,24016566
wadety01,2024,1,SDN,NL,90,90,138,28,30,3,0,0,8,8,1,11,29,0,2,4,0,0,0,3B,0.2847682119205298,0.2391304347826087,66.72951469,3443374
wagamer01,2024,1,LAA,AL,18,18,72,6,18,5,0,2,10,0,0,2,17,0,0,0,0,1,0,3B,0.2702702702702703,0.4027777777777778,108.26301496303171,22281186
wagnewi01,2024,1,TOR,AL,24,24,82,8,25,6,0,2,11,0,0,4,16,0,0,0,0,3,0,2B,0.3372093023255814,0.45121951219512196,145.24484626468853,10126354
walkech02,2024,1,ARI,NL,130,130,479,72,120,26,0,26,84,2,2,55,133,4,10,0,8,12,0,1B,0.3351449275362319,0.46764091858037576,149.20131600363078,27879804
walkejo02,2024,1,SLN,NL,51,51,164,16,33,10,1,5,20,1,0,10,50,0,2,0,2,4,0,OF,0.25280898876404495,0.36585365853658536,91.70617386666937,25013180
wallfo01,2024,1,ATL,NL,13,13,29,3,7,0,0,0,1,3,3,3,6,0,0,0,0,0,0,OF,0.3125,0.2413793103448276,76.98071676820075,5500214
wallfo01,2024,2,MIA,NL,3,3,3,1,1,0,0,0,0,1,0,0,2,0,0,0,0,0,0,OF,0.3333333333333333,0.3333333333333333,110.36246017002323,32084561
wallnma01,2024,1,MIN,AL,75,75,220,26,57,17,1,13,37,3,0,24,95,0,16,0,1,2,0,OF,0.3716475095785441,0.5227272727272727,177.5247842724759,26273173
wallsta01,2024,1,TBA,AL,84,84,218,27,40,5,3,1,14,16,4,31,67,0,0,0,3,3,0,SS,0.28174603174603174,0.24770642201834864,68.12197487808258,8414392
walshja01,2024,1,TEX,AL,17,17,53,9,12,2,0,1,7,0,0,7,21,0,0,0,0,2,0,1B,0.31666666666666665,0.32075471698113206,101.00740204350886,10287016
waltodo01,2024,1,SFN,NL,9,9,22,3,3,0,0,1,2,0,0,2,7,0,1,0,0,2,0,2B,0.24,0.2727272727272727,60.77199703499356,3695916
wardta01,2024,1,LAA,AL,156,156,585,73,144,26,2,25,75,6,4,63,163,0,7,0,8,11,0,OF,0.32277526395173456,0.4256410256410256,132.9650716,1092648
waterdr01,2024,1,KCA,AL,7,7,16,2,3,1,0,0,1,0,0,2,6,0,1,0,0,0,0,OF,0.3157894736842105,0.25,80.57341204003204,8304194
wellsau01,2024,1,NYA,AL,115,115,354,42,81,18,1,13,55,1,2,47,87,0,5,1,7,9,0,C,0.3220338983050847,0.3954802259887006,124.12727126436155,34433992
wendljo01,2024,1,NYN,NL,18,18,36,3,8,1,0,0,1,1,0,1,9,0,0,0,0,0,0,2B,0.24324324324324326,0.25,55.43006257974567,21920831
wendzda01,2024,1,TEX,AL,27,27,47,2,6,2,0,1,2,0,0,1,12,0,1,0,0,1,0,3B,0.16326530612244897,0.23404255319148937,23.171053370595462,4927085
westbja02,2024,1,BOS,AL,21,21,40,4,6,2,0,2,7,0,0,4,14,0,1,0,2,0,0,2B,0.23404255319148937,0.35,80.69160864591356,22744633
westbjo01,2024,1,BAL,AL,107,107,416,57,110,26,5,18,63,6,3,22,97,0,7,1,1,5,0,3B,0.3116591928251121,0.4807692307692308,144.79659202043234,28165684
whitcsh01,2024,1,HOU,AL,20,20,41,1,9,3,0,0,5,0,0,5,8,0,0,0,0,1,0,3B,0.30434782608695654,0.2926829268292683,88.75136692317254,18371294
whiteel04,2024,1,ATL,NL,35,35,39,9,11,1,1,1,4,3,1,1,12,0,2,0,0,1,0,OF,0.3333333333333333,0.4358974358974359,139.54231283052047,7167705
wiemejo01,2024,2,CIN,NL,2,2,0,0,0,0,0,0,0,0,0,1,0,0,0,0,0,0,0,OF,1,,,26070151
wiemejo01,2024,1,MIL,NL,19,19,26,2,4,0,0,0,0,1,1,1,9,0,0,0,0,0,0,OF,0.18518518518518517,0.15384615384615385,7.951967337,872531
willial04,2024,1,PIT,NL,37,37,87,13,18,4,2,0,5,1,0,3,22,0,1,5,0,0,0,2B,0.24175824175824176,0.2988505747126437,68.81354767855055,33633091
willilu01,2024,1,ATL,NL,37,34,46,8,9,3,0,0,4,3,0,4,13,0,1,1,0,1,0,2B,0.27450980392156865,0.2608695652173913,69.35897656368707,8126111
wilsoja04,2024,1,OAK,AL,28,28,92,11,23,2,2,0,3,0,0,8,10,0,1,1,1,4,0,SS,0.3137254901960784,0.31521739130434784,98.41264899,4119424
wilsowe01,2024,1,PHI,NL,41,40,88,13,25,7,1,3,10,3,0,8,29,0,1,0,1,2,0,OF,0.3469387755102041,0.48863636363636365,159.26215178683006,29349438
winkeje01,2024,2,NYN,NL,44,44,115,12,28,5,0,3,13,0,0,10,22,0,3,0,1,3,0,OF,0.3178294573643411,0.3652173913043478,114.06019576698294,1295438
winkeje01,2024,1,WAS,NL,101,101,315,51,81,18,0,11,45,14,4,53,84,2,7,2,2,9,0,OF,0.3740053050397878,0.41904761904761906,148.84472709523385,27286446
winnma01,2024,1,SLN,NL,150,150,587,85,157,32,5,15,57,11,5,41,109,1,1,3,5,1,0,SS,0.3138801261829653,0.41567291311754684,127.04619724233935,6160747
wisdopa01,2024,1,CHN,NL,75,75,158,16,27,7,2,8,23,5,0,10,59,0,4,1,1,1,0,1B,0.23699421965317918,0.3924050632911392,93.77900008914554,7411789
wiselbr01,2024,1,SFN,NL,91,91,252,25,60,13,1,4,31,2,3,13,65,0,2,2,3,3,0,2B,0.2777777777777778,0.34523809523809523,94.49475084992973,35387500
wittbo02,2024,1,KCA,AL,161,161,636,125,211,45,11,32,109,31,12,57,106,9,8,0,8,4,0,SS,0.38928067700987307,0.5880503144654088,202.22079289709382,26628028
wongco01,2024,1,BOS,AL,126,126,447,54,125,24,1,13,52,8,7,28,114,1,9,1,2,7,0,C,0.3333333333333333,0.4250559284116331,136.45786531774976,36241234
woodja03,2024,1,WAS,NL,79,79,295,43,78,13,4,9,41,14,8,39,97,1,2,0,0,1,0,OF,0.3541666666666667,0.4271186440677966,144.2652114612544,33664759
wynnsau01,2024,1,CIN,NL,7,7,19,3,7,4,0,0,2,0,0,0,5,0,1,0,0,0,0,C,0.4,0.5789473684210527,203.34611618800062,15930178
yanger01,2024,1,CIN,NL,1,1,1,0,0,0,0,0,0,0,0,0,1,0,0,0,0,0,0,DH,0,0,-100,12312283
yastrmi01,2024,1,SFN,NL,140,140,428,60,99,16,9,18,57,3,2,38,124,1,6,1,1,5,0,OF,0.3023255813953488,0.4369158878504673,129.08528101491692,17835762
yelicch01,2024,1,MIL,NL,73,73,270,44,85,12,3,11,42,21,1,40,58,3,2,1,1,3,0,OF,0.4057507987220447,0.5037037037037037,183.93215922193056,26370002
yepezju01,2024,1,WAS,NL,62,62,226,32,64,15,0,6,26,2,1,18,42,0,1,1,3,9,0,1B,0.3346774193548387,0.42920353982300885,138.103714,1776765
yorkeni01,2024,1,PIT,NL,11,11,37,4,8,0,0,2,5,2,0,4,12,0,0,0,1,0,0,2B,0.2857142857142857,0.3783783783783784,106.67394471158885,11515088
yoshima02,2024,1,BOS,AL,108,108,378,45,106,21,0,10,56,2,0,27,52,0,14,0,2,6,0,OF,0.3491686460807601,0.41534391534391535,139.1830261283136,22927121
youngja03,2024,1,WAS,NL,150,150,468,75,120,24,1,3,36,33,10,30,102,0,12,9,2,11,0,OF,0.31640625,0.3311965811965812,103.88789341939714,31835416
zavalse01,2024,1,SEA,AL,18,18,39,4,6,2,0,1,2,0,0,3,16,0,0,1,0,2,0,C,0.21428571428571427,0.28205128205128205,54.51255561712918,28129592
